date,open,high,low,close,preclose,volume,amount,volume_unit,special_treatment
2014-01-02,38.6,41.8,38.0,41.39,38.91,9035409,361181568.0,shares,0
2014-01-03,40.66,41.78,39.5,40.34,41.39,5393505,217831169.0,shares,0
2014-01-06,40.26,40.29,36.31,36.31,40.34,7068659,266983572.0,shares,0
2014-01-07,36.2,37.21,35.71,36.7,36.31,6055003,221141555.0,shares,0
2014-01-08,37.0,38.59,36.58,37.78,36.7,7171057,270944176.0,shares,0
2014-01-09,36.71,41.2,35.9,40.31,37.78,10020687,388248544.0,shares,0
2014-01-10,39.02,41.33,37.0,37.5,40.31,7953780,312617312.0,shares,0
2014-01-13,37.11,37.72,35.5,36.32,37.5,6466104,234872847.0,shares,0
2014-01-14,36.58,38.82,36.5,38.7,36.32,6964838,263467246.0,shares,0
2014-01-15,38.74,39.37,37.81,38.39,38.7,5999397,231091131.0,shares,0
2014-01-16,38.02,38.95,36.95,37.14,38.39,5422478,204688044.0,shares,0
2014-01-17,37.3,40.79,36.67,39.72,37.14,8359429,326071488.0,shares,0
2014-01-20,39.38,40.0,37.55,38.42,39.72,4723692,182697448.0,shares,0
2014-01-21,38.5,40.2,37.8,39.58,38.42,5038088,197319822.0,shares,0
2014-01-22,39.55,39.55,36.0,38.05,39.58,8158842,309579568.0,shares,0
2014-01-23,37.8,38.56,37.31,37.85,38.05,5151850,195990044.0,shares,0
2014-01-24,37.75,39.55,37.12,38.6,37.85,6492203,251229542.0,shares,0
2014-01-27,37.8,39.8,37.6,39.7,38.6,7931881,309146528.0,shares,0
2014-01-28,39.15,39.46,36.5,37.21,39.7,6783981,255389278.0,shares,0
2014-01-29,37.01,37.56,36.56,37.0,37.21,3311954,122428761.0,shares,0
2014-01-30,37.0,37.5,35.6,36.01,37.0,2949006,107622666.0,shares,0
2014-02-07,35.3,36.87,35.1,36.64,36.01,2273157,83048845.0,shares,0
2014-02-10,37.0,37.88,36.7,37.45,36.64,4466803,166656973.0,shares,0
2014-02-11,37.51,38.0,36.62,36.78,37.45,3777508,140622316.0,shares,0
2014-02-12,37.2,40.46,36.8,40.46,36.78,7529100,297650096.0,shares,0
2014-02-13,42.0,42.0,38.97,39.0,40.46,8563191,346763536.0,shares,0
2014-02-14,38.36,40.95,38.36,40.1,39.0,5850128,233609948.0,shares,0
2014-02-17,40.62,40.94,39.61,40.7,40.1,4494442,180719761.0,shares,0
2014-02-18,40.46,42.79,40.02,41.82,40.7,7289666,305673808.0,shares,0
2014-02-19,41.4,41.51,39.5,39.92,41.82,4652487,186954775.0,shares,0
2014-02-20,40.1,42.0,39.61,40.42,39.92,5052839,206599999.0,shares,0
2014-02-21,40.0,40.38,38.16,38.4,40.42,4483144,175104396.0,shares,0
2014-02-24,38.67,39.8,37.8,39.12,38.4,3757301,146084567.0,shares,0
2014-02-25,39.38,39.5,35.21,35.21,39.12,6043135,225866516.0,shares,0
2014-02-26,34.3,34.3,31.7,33.21,35.21,6060340,198609585.0,shares,0
2014-02-27,33.29,33.63,30.35,30.64,33.21,5770045,184045235.0,shares,0
2014-02-28,30.82,31.26,30.0,30.99,30.64,3616666,111256464.0,shares,0
2014-03-03,30.81,31.87,30.65,31.61,30.99,2979607,93121922.0,shares,0
2014-03-04,31.5,31.68,30.75,31.5,31.61,2672381,83380149.0,shares,0
2014-03-05,31.9,33.17,31.63,32.17,31.5,3724863,120401951.0,shares,0
2014-03-06,31.52,32.16,30.46,31.86,32.17,3360769,105151885.0,shares,0
2014-03-07,31.55,32.8,31.19,31.3,31.86,3139329,100497902.0,shares,0
2014-03-10,30.2,30.5,28.17,28.17,31.3,4183197,121018394.0,shares,0
2014-03-11,28.01,28.7,27.7,28.32,28.17,2420537,68312178.0,shares,0
2014-03-12,28.32,28.8,27.7,28.55,28.32,2647183,75135806.0,shares,0
2014-03-13,28.65,29.03,28.25,28.94,28.55,2424979,69626712.0,shares,0
2014-03-14,28.76,30.99,28.4,30.15,28.94,3899904,116061839.0,shares,0
2014-03-17,29.85,30.87,29.68,30.86,30.15,3062355,92946137.0,shares,0
2014-03-18,31.03,31.97,30.7,30.85,30.86,3974700,124224494.0,shares,0
2014-03-19,30.7,32.21,30.54,31.42,30.85,4029147,127283050.0,shares,0
2014-03-20,31.42,31.89,29.1,29.17,31.42,3380977,102929811.0,shares,0
2014-03-21,28.61,29.5,28.1,29.33,29.17,2378132,68524571.0,shares,0
2014-03-24,29.45,29.45,27.9,28.02,29.33,2569003,73168948.0,shares,0
2014-03-25,27.81,28.88,27.81,28.41,28.02,1802075,51046214.0,shares,0
2014-03-26,28.54,31.25,28.4,31.25,28.41,3329989,100850890.0,shares,0
2014-03-27,31.38,31.93,30.6,31.0,31.25,5995338,187544434.0,shares,0
2014-03-28,31.0,31.0,28.0,28.6,31.0,4530058,131626175.0,shares,0
2014-03-31,25.74,26.85,25.74,25.75,28.6,4841967,126394534.0,shares,0
2014-04-01,25.68,26.56,25.41,26.39,25.75,2552574,66946788.0,shares,0
2014-04-02,26.53,26.55,25.02,25.84,26.39,3101932,79382988.0,shares,0
2014-04-03,25.8,27.25,25.69,26.35,25.84,3177390,84049149.0,shares,0
2014-04-04,26.3,26.97,25.81,26.85,26.35,2283257,60467117.0,shares,0
2014-04-08,26.45,27.77,26.02,27.19,26.85,2955558,79864177.0,shares,0
2014-04-09,27.3,29.8,27.3,28.66,27.19,4164213,118674192.0,shares,0
2014-04-10,28.68,28.83,28.01,28.2,28.66,2787138,79109146.0,shares,0
2014-04-11,27.81,28.26,27.01,27.93,28.2,2438824,67334190.0,shares,0
2014-04-14,28.34,29.9,28.34,29.36,27.93,3556937,103652567.0,shares,0
2014-04-15,29.0,29.59,28.5,28.61,29.36,2142140,61838124.0,shares,0
2014-04-16,28.31,29.2,28.21,28.67,28.61,2422323,69907795.0,shares,0
2014-04-17,28.65,30.49,28.31,30.05,28.67,5023962,148991106.0,shares,0
2014-04-18,29.8,29.98,29.3,29.7,30.05,2735780,80906796.0,shares,0
2014-04-21,29.19,29.92,28.6,29.26,29.7,2175530,63919000.0,shares,0
2014-04-22,29.26,29.4,26.8,27.22,29.26,3461343,95977991.0,shares,0
2014-04-23,27.2,27.7,26.7,27.06,27.22,1603581,43659812.0,shares,0
2014-04-24,27.06,28.08,26.81,27.7,27.06,2283205,62826225.0,shares,0
2014-04-25,27.32,27.4,25.77,25.89,27.7,2402225,63824344.0,shares,0
2014-04-28,25.42,25.42,23.41,23.46,25.89,2750883,66372696.0,shares,0
2014-04-29,23.39,24.23,23.39,24.23,23.46,1487557,35590407.0,shares,0
2014-04-30,24.4,24.77,24.02,24.49,24.23,1337794,32657340.0,shares,0
2014-05-05,24.07,25.38,24.07,25.38,24.49,1599521,39675203.0,shares,0
2014-05-06,25.2,26.59,25.07,25.8,25.38,2414262,62485073.0,shares,0
2014-05-07,25.6,26.5,25.1,25.11,25.8,2111731,54564481.0,shares,0
2014-05-08,24.36,25.5,24.04,24.67,25.01,1701603,42149108.0,shares,0
2014-05-09,24.4,25.48,24.37,24.8,24.67,1727332,43323688.0,shares,0
2014-05-12,25.15,25.59,24.5,25.56,24.8,1907539,47902702.0,shares,0
2014-05-13,25.7,26.99,25.56,25.8,25.56,2491547,65447096.0,shares,0
2014-05-14,25.7,26.35,25.33,25.85,25.8,1297175,33410006.0,shares,0
2014-05-15,25.79,25.89,24.68,24.71,25.85,1485753,37372128.0,shares,0
2014-05-16,24.38,24.82,24.03,24.48,24.71,1146831,27930857.0,shares,0
2014-05-19,24.21,25.0,24.21,24.83,24.48,975458,24062431.0,shares,0
2014-05-20,25.1,26.18,25.04,25.35,24.83,1954652,49901329.0,shares,0
2014-05-21,25.3,26.05,24.83,26.05,25.35,1793342,45740803.0,shares,0
2014-05-22,26.15,27.41,26.15,26.42,26.05,3729290,99850532.0,shares,0
2014-05-23,26.28,27.23,26.1,27.23,26.42,2598986,69578543.0,shares,0
2014-05-26,27.38,28.18,27.32,27.72,27.23,2888355,80084562.0,shares,0
2014-05-27,27.7,27.72,26.92,27.13,27.72,1875108,51149409.0,shares,0
2014-05-28,27.05,29.79,27.02,29.7,27.13,5953293,171464325.0,shares,0
2014-05-29,29.0,29.75,28.91,29.6,29.7,4690099,137326514.0,shares,0
2014-05-30,29.6,30.3,28.75,29.05,29.6,2940386,86391674.0,shares,0
2014-06-03,28.74,28.89,28.23,28.27,29.05,1930581,55074049.0,shares,0
2014-06-04,28.21,29.47,28.21,28.99,28.27,3063808,88807860.0,shares,0
2014-06-05,28.9,29.69,28.75,29.55,28.99,2646905,77423485.0,shares,0
2014-06-06,29.55,30.35,28.82,29.05,29.55,2808685,83545078.0,shares,0
2014-06-09,28.61,29.05,27.51,27.54,29.05,2627512,73976412.0,shares,0
2014-06-10,27.45,28.65,27.45,28.54,27.54,2002571,56462796.0,shares,0
2014-06-11,28.55,29.72,28.19,29.1,28.54,2250201,65453361.0,shares,0
2014-06-12,28.8,29.25,28.31,28.6,29.1,1892527,54260872.0,shares,0
2014-06-13,28.48,30.48,28.3,30.16,28.6,4231495,126301378.0,shares,0
2014-06-16,30.02,30.41,29.67,30.21,30.16,2876276,86456985.0,shares,0
2014-06-17,30.55,31.4,29.5,29.65,30.21,3701420,112680972.0,shares,0
2014-06-18,29.6,30.46,29.32,29.92,29.65,2242430,67336131.0,shares,0
2014-06-19,29.66,29.98,26.99,27.42,29.92,3044680,86417248.0,shares,0
2014-06-20,27.2,28.19,27.13,28.14,27.42,1482653,41215775.0,shares,0
2014-06-23,28.99,30.95,28.99,30.95,28.14,3777557,115339753.0,shares,0
2014-06-24,31.39,31.39,30.12,30.44,30.95,4774551,145871277.0,shares,0
2014-06-25,31.46,31.88,30.22,30.96,30.44,4953435,153585150.0,shares,0
2014-06-26,30.95,32.8,30.7,32.3,30.96,7228362,231519785.0,shares,0
2014-06-27,31.95,34.29,31.88,32.75,32.3,6473551,214968742.0,shares,0
2014-06-30,32.91,33.87,32.1,32.83,32.75,4304549,141975199.0,shares,0
2014-07-01,32.99,33.14,31.92,32.33,32.83,3255702,105721114.0,shares,0
2014-07-02,32.61,33.19,32.02,33.17,32.33,3331941,108900607.0,shares,0
2014-07-03,32.85,33.35,32.18,32.66,33.17,2877486,94089940.0,shares,0
2014-07-04,32.65,33.27,32.51,32.81,32.66,2962588,97430739.0,shares,0
2014-07-07,32.76,32.76,31.13,31.3,32.81,3904199,123522972.0,shares,0
2014-07-08,31.02,32.29,30.83,32.29,31.3,3306146,104472322.0,shares,0
2014-07-09,31.33,31.33,29.42,29.91,32.29,5757345,175593322.0,shares,0
2014-07-10,29.8,30.19,29.61,29.85,29.91,2072711,61986953.0,shares,0
2014-07-11,29.84,30.06,29.31,29.56,29.85,1741161,51707895.0,shares,0
2014-07-14,29.59,30.05,28.8,29.98,29.56,1824756,53685811.0,shares,0
2014-07-15,29.99,30.37,29.15,30.19,29.98,2463957,73628735.0,shares,0
2014-07-16,30.19,30.19,29.19,29.25,30.19,1343155,39754004.0,shares,0
2014-07-17,29.3,29.88,29.01,29.53,29.25,1098441,32449278.0,shares,0
2014-07-18,29.5,30.49,29.21,29.53,29.53,1377785,41280021.0,shares,0
2014-07-21,29.12,29.48,28.48,29.11,29.53,1198891,34799904.0,shares,0
2014-07-22,29.25,29.76,29.11,29.57,29.11,1047461,30933923.0,shares,0
2014-07-23,30.67,30.67,28.71,29.02,29.57,1813272,53932541.0,shares,0
2014-07-24,28.97,28.98,27.13,27.63,29.02,1883249,52652603.0,shares,0
2014-07-25,27.8,28.45,27.4,27.79,27.63,1201244,33467388.0,shares,0
2014-07-28,28.0,28.56,27.73,28.4,27.79,1202445,33865874.0,shares,0
2014-07-29,28.4,29.0,28.4,28.69,28.4,1532905,44037818.0,shares,0
2014-07-30,28.55,28.79,28.05,28.58,28.69,1533430,43660872.0,shares,0
2014-07-31,28.6,29.34,28.6,29.1,28.58,1664922,48308515.0,shares,0
2014-08-01,29.18,29.18,28.1,28.25,29.1,1615124,46073313.0,shares,0
2014-08-04,28.21,28.44,27.97,28.18,28.25,1203168,33916419.0,shares,0
2014-08-05,28.11,28.88,27.88,28.85,28.18,2206646,62871823.0,shares,0
2014-08-06,28.78,29.26,28.57,29.18,28.85,1908675,55354168.0,shares,0
2014-08-07,29.1,29.42,28.81,28.9,29.18,1999857,58222311.0,shares,0
2014-08-08,28.87,29.45,28.87,29.21,28.9,1573696,46011848.0,shares,0
2014-08-11,29.25,30.52,29.1,30.34,29.21,3732910,112533244.0,shares,0
2014-08-12,30.22,30.5,29.92,30.21,30.34,2217135,66883219.0,shares,0
2014-08-13,30.03,30.28,29.1,29.92,30.21,2660425,78828574.0,shares,0
2014-08-14,30.17,31.3,30.17,30.34,29.92,4785015,146826099.0,shares,0
2014-08-15,30.33,30.57,29.72,30.5,30.34,2439542,73813976.0,shares,0
2014-08-18,30.48,31.18,30.18,30.99,30.5,2995212,91986819.0,shares,0
2014-08-19,31.19,31.87,30.36,30.73,30.99,3397730,105921204.0,shares,0
2014-08-20,30.71,30.97,30.2,30.4,30.73,2275135,69338950.0,shares,0
2014-08-21,30.49,30.63,29.78,30.52,30.4,1975476,59671921.0,shares,0
2014-08-22,30.69,31.3,30.21,31.05,30.52,2915253,89935822.0,shares,0
2014-08-25,31.24,31.24,29.8,30.26,31.05,2235622,68203370.0,shares,0
2014-08-26,30.4,30.9,29.93,30.11,30.26,1957887,59320218.0,shares,0
2014-08-27,30.2,30.55,29.96,30.5,30.11,1342878,40760526.0,shares,0
2014-08-28,30.6,31.17,30.08,30.87,30.5,3055689,94049644.0,shares,0
2014-08-29,30.81,32.78,30.63,32.27,30.87,5690728,181658146.0,shares,0
2014-09-01,32.0,32.42,31.63,32.35,32.27,2892643,92568966.0,shares,0
2014-09-02,32.37,32.7,31.89,32.43,32.35,3572567,115351209.0,shares,0
2014-09-03,32.5,33.28,32.03,32.25,32.43,3056568,99199746.0,shares,0
2014-09-04,32.03,32.41,31.8,32.25,32.25,2174148,69902625.0,shares,0
2014-09-05,32.39,32.75,32.0,32.16,32.25,1995601,64562591.0,shares,0
2014-09-09,32.25,32.25,31.62,31.82,32.16,2425283,77131978.0,shares,0
2014-09-10,31.69,32.15,31.53,31.98,31.82,2403081,76428564.0,shares,0
2014-09-11,32.02,32.56,31.33,31.52,31.98,2809516,90004796.0,shares,0
2014-09-12,31.77,32.31,31.51,32.18,31.52,2180270,69795109.0,shares,0
2014-09-15,32.28,32.5,31.7,32.01,32.18,2680429,85851950.0,shares,0
2014-09-16,32.28,34.2,32.07,32.23,32.01,7746516,256404502.0,shares,0
2014-09-17,32.51,32.76,30.6,31.23,32.23,3958111,124623613.0,shares,0
2014-09-18,30.99,31.54,30.8,31.09,31.23,2114213,65771645.0,shares,0
2014-09-19,31.11,31.42,30.91,31.33,31.09,1378278,43042322.0,shares,0
2014-09-22,31.11,31.2,30.03,30.42,31.33,2326931,70781557.0,shares,0
2014-09-23,30.4,30.87,30.17,30.71,30.42,1604244,48965133.0,shares,0
2014-09-24,30.59,31.66,30.56,31.54,30.71,2162889,67708770.0,shares,0
2014-09-25,31.54,31.98,31.2,31.31,31.54,1992095,62958855.0,shares,0
2014-09-26,31.15,31.53,30.5,31.1,31.31,1668504,51825647.0,shares,0
2014-09-29,31.22,31.94,31.1,31.86,31.1,2167352,68414172.0,shares,0
2014-09-30,31.82,33.37,31.8,32.62,31.86,3689819,120452775.0,shares,0
2014-10-08,32.61,33.39,32.2,32.87,32.62,3453511,113523136.0,shares,0
2014-10-09,32.87,33.18,32.1,32.7,32.87,2144051,70079998.0,shares,0
2014-10-10,32.8,32.98,32.25,32.3,32.7,1958184,63810794.0,shares,0
2014-10-13,31.65,31.65,30.75,31.3,32.3,2449326,76460655.0,shares,0
2014-10-14,31.35,31.88,31.11,31.34,31.3,1601504,50436670.0,shares,0
2014-10-15,31.5,31.68,31.11,31.51,31.34,1078084,33881332.0,shares,0
2014-10-16,31.24,32.2,31.24,31.48,31.51,1761884,55928274.0,shares,0
2014-10-17,31.43,31.7,30.02,30.7,31.48,1739093,53832292.0,shares,0
2014-10-20,30.7,31.07,30.09,31.0,30.7,1694179,51840730.0,shares,0
2014-10-21,31.05,31.46,30.7,30.7,31.0,1499730,46584630.0,shares,0
2014-10-22,31.06,31.35,30.51,30.9,30.7,1307057,40489250.0,shares,0
2014-10-23,30.9,31.25,30.31,30.37,30.9,1362212,41930477.0,shares,0
2014-10-24,30.58,30.78,28.9,29.1,30.37,2191867,64864432.0,shares,0
2014-10-27,28.98,29.42,28.01,29.27,29.1,1343168,38859277.0,shares,0
2014-10-28,29.28,30.1,29.27,30.08,29.27,1235133,36856219.0,shares,0
2014-10-29,30.08,30.64,30.0,30.31,30.08,1416586,43002158.0,shares,0
2014-10-30,30.44,31.03,30.28,30.88,30.31,1387823,42622456.0,shares,0
2014-10-31,31.42,32.12,31.12,31.39,30.88,2491033,78663732.0,shares,0
2014-11-03,31.12,31.87,31.12,31.62,31.39,1353288,42791327.0,shares,0
2014-11-04,31.57,31.85,31.33,31.7,31.62,1400494,44230959.0,shares,0
2014-11-05,31.7,32.23,31.39,31.71,31.7,1630279,51871541.0,shares,0
2014-11-06,31.85,34.2,31.72,33.93,31.71,4442852,146508818.0,shares,0
2014-11-07,33.54,34.16,32.53,32.78,33.93,3376414,113029840.0,shares,0
2014-11-10,32.76,34.95,32.57,34.49,32.78,5005912,171070743.0,shares,0
2014-11-11,34.28,34.46,32.6,33.24,34.49,3053737,102489065.0,shares,0
2014-11-12,33.22,33.78,32.96,33.26,33.24,1550861,51697071.0,shares,0
2014-11-13,33.2,33.2,31.8,31.9,33.26,2221672,71490083.0,shares,0
2014-11-14,31.8,32.14,31.22,31.59,31.9,919956,29024968.0,shares,0
2014-11-17,31.5,32.75,31.07,32.49,31.59,1450424,46811764.0,shares,0
2014-11-18,32.5,32.85,32.22,32.49,32.49,716743,23294829.0,shares,0
2014-11-19,32.49,34.73,32.23,34.55,32.49,3076555,103989007.0,shares,0
2014-11-20,34.02,38.01,33.9,38.01,34.55,6775074,244744250.0,shares,0
2014-11-21,38.01,41.5,37.35,39.25,38.01,8433413,331496224.0,shares,0
2014-11-24,40.02,41.38,38.91,40.9,39.25,5203628,208905689.0,shares,0
2014-11-25,40.83,40.9,39.38,39.91,40.9,2965800,118973251.0,shares,0
2014-11-26,39.03,40.38,38.75,39.68,39.91,3555241,140232738.0,shares,0
2014-11-27,39.68,40.86,39.03,39.66,39.68,2504198,99685973.0,shares,0
2014-11-28,39.75,42.8,39.0,41.7,39.66,4052788,165875495.0,shares,0
2014-12-01,41.0,41.28,39.6,41.03,41.7,2648978,106848175.0,shares,0
2014-12-02,40.51,45.13,40.51,45.13,41.03,3629371,159335371.0,shares,0
2014-12-03,45.61,45.72,41.5,42.91,45.13,6694066,287472864.0,shares,0
2014-12-04,42.91,44.2,41.7,42.01,42.91,3844158,164789261.0,shares,0
2014-12-05,41.0,41.2,38.0,38.66,42.01,3443725,135883823.0,shares,0
2014-12-08,38.48,40.39,37.68,39.5,38.66,2451537,96409739.0,shares,0
2014-12-09,39.16,40.36,36.5,36.51,39.5,2058453,78943616.0,shares,0
2014-12-10,35.01,37.97,35.01,37.14,36.51,1766468,65036163.0,shares,0
2014-12-11,37.09,40.54,37.0,39.6,37.14,2330403,91054785.0,shares,0
2014-12-12,39.72,41.44,39.72,39.88,39.6,1807851,73264812.0,shares,0
2014-12-15,40.0,41.88,39.44,40.45,39.88,1865580,76376488.0,shares,0
2014-12-16,40.1,41.05,39.78,40.3,40.45,1220790,49302151.0,shares,0
2014-12-17,40.32,43.68,40.32,43.68,40.3,3541162,151320173.0,shares,0
2014-12-18,43.02,44.5,42.0,42.31,43.68,2159340,92691429.0,shares,0
2014-12-19,41.94,42.97,40.53,41.75,42.31,2286018,94682398.0,shares,0
2014-12-22,41.0,41.0,37.58,37.58,41.75,2027983,77142847.0,shares,0
2014-12-23,37.2,38.5,35.27,36.03,37.58,1767972,65005912.0,shares,0
2014-12-24,36.47,39.32,36.18,38.5,36.03,2384243,91238745.0,shares,0
2014-12-25,38.7,39.39,37.03,37.67,38.5,1757792,66494406.0,shares,0
2014-12-26,37.41,37.95,36.4,36.77,37.67,1302441,47930879.0,shares,0
2014-12-29,36.5,36.74,33.1,34.35,36.77,2937660,100269942.0,shares,0
2014-12-30,34.01,34.34,31.63,32.0,34.35,2467341,80368012.0,shares,0
2014-12-31,32.05,33.2,31.55,32.5,32.0,1918554,61633679.0,shares,0
2015-01-05,32.38,32.38,29.25,29.88,32.5,4418415,131871864.0,shares,0
2015-01-06,29.52,31.59,29.5,31.25,29.88,2978386,91136326.0,shares,0
2015-01-07,31.04,31.57,30.4,30.9,31.25,1799196,55668273.0,shares,0
2015-01-08,30.92,32.0,30.09,31.21,30.9,2431209,76215439.0,shares,0
2015-01-09,30.47,31.85,30.04,30.32,31.21,2781655,86018551.0,shares,0
2015-01-12,30.51,32.87,30.11,32.85,30.32,3561103,112886310.0,shares,0
2015-01-13,32.88,34.23,32.05,33.9,32.85,3215784,107631998.0,shares,0
2015-01-14,33.92,33.92,32.33,32.7,33.9,1900952,62380313.0,shares,0
2015-01-15,32.67,33.28,32.08,32.09,32.7,1510128,48877413.0,shares,0
2015-01-16,32.1,33.63,31.84,33.0,32.09,1888566,61837477.0,shares,0
2015-01-19,32.0,34.2,31.6,32.94,33.0,3065656,102422111.0,shares,0
2015-01-20,33.01,35.3,33.01,34.85,32.94,3085228,105441281.0,shares,0
2015-01-21,34.58,35.35,34.2,34.82,34.85,2718133,94185457.0,shares,0
2015-01-22,34.77,36.24,34.56,35.95,34.82,2891161,102649171.0,shares,0
2015-01-23,35.5,35.8,34.0,34.17,35.95,2519806,87211952.0,shares,0
2015-01-26,34.38,35.15,34.03,34.58,34.17,1490679,51402351.0,shares,0
2015-01-27,34.69,36.88,34.21,35.9,34.58,4466647,160944805.0,shares,0
2015-01-28,35.69,35.84,34.5,35.0,35.9,2087727,73585872.0,shares,0
2015-01-29,34.7,36.98,34.58,36.0,35.0,2909002,105030396.0,shares,0
2015-01-30,36.0,37.75,35.88,36.27,36.0,3318469,122981470.0,shares,0
2015-02-02,35.71,36.1,34.4,34.83,36.27,2252334,79165231.0,shares,0
2015-02-03,35.0,38.31,34.88,36.71,34.83,4495292,167521692.0,shares,0
2015-02-04,36.66,37.3,35.7,36.87,36.71,2965591,107843614.0,shares,0
2015-02-05,36.68,37.9,35.85,37.19,36.87,3711635,138598629.0,shares,0
2015-02-06,37.01,37.44,35.36,35.44,37.19,2292064,82637925.0,shares,0
2015-02-09,35.02,36.27,33.68,34.03,35.44,2301801,80652052.0,shares,0
2015-02-10,33.92,35.98,33.8,35.5,34.03,1486861,51828501.0,shares,0
2015-02-11,35.6,36.8,35.32,35.58,35.5,1656687,59592623.0,shares,0
2015-02-12,35.96,36.63,35.58,36.35,35.58,2159589,78053426.0,shares,0
2015-02-13,36.18,37.6,36.18,36.98,36.35,2952692,108902089.0,shares,0
2015-02-16,37.81,39.0,37.01,38.56,36.98,3749407,142668848.0,shares,0
2015-02-17,38.83,39.4,37.65,38.9,38.56,2848389,109939145.0,shares,0
2015-02-25,39.2,40.04,36.61,37.25,38.9,3933990,151868805.0,shares,0
2015-02-26,37.09,38.38,36.7,37.45,37.25,2004593,74992069.0,shares,0
2015-02-27,37.61,38.24,36.85,38.14,37.45,2460859,92560932.0,shares,0
2015-03-02,38.15,39.28,37.26,38.91,38.14,3623066,137600083.0,shares,0
2015-03-03,38.5,38.81,36.72,36.8,38.91,4272243,161316406.0,shares,0
2015-03-04,36.75,37.73,36.58,37.59,36.8,3402534,126680906.0,shares,0
2015-03-05,37.59,40.3,37.32,39.37,37.59,6443927,251762105.0,shares,0
2015-03-06,39.39,39.6,37.3,38.55,39.37,3777211,144509442.0,shares,0
2015-03-09,38.3,38.3,35.0,37.86,38.55,2217599,83546882.0,shares,0
2015-03-10,37.97,39.38,37.61,38.19,37.86,3181480,122727576.0,shares,0
2015-03-11,38.03,38.19,36.95,37.1,38.19,2949337,109708038.0,shares,0
2015-03-12,37.05,37.3,35.8,36.2,37.1,2638779,96328515.0,shares,0
2015-03-13,36.02,37.57,35.95,37.0,36.2,1873062,68877803.0,shares,0
2015-03-16,37.21,38.5,37.1,38.01,37.0,3297418,124694428.0,shares,0
2015-03-17,38.12,39.35,37.3,38.75,38.01,5317090,203304023.0,shares,0
2015-03-18,38.53,42.38,38.38,40.68,38.75,7499466,302658912.0,shares,0
2015-03-19,40.35,40.97,39.77,40.22,40.68,3984341,160316594.0,shares,0
2015-03-20,40.25,40.95,39.81,40.81,40.22,4502682,181917085.0,shares,0
2015-03-23,40.75,42.38,40.5,41.88,40.81,4869594,201723594.0,shares,0
2015-03-24,42.2,42.29,39.81,41.1,41.88,4722586,193519756.0,shares,0
2015-03-25,40.6,43.65,40.6,42.58,41.1,6538090,277407552.0,shares,0
2015-03-26,41.58,42.0,38.88,40.32,42.58,4684926,190477589.0,shares,0
2015-03-27,40.1,41.2,40.1,40.86,40.32,2979122,120822093.0,shares,0
2015-03-30,41.0,41.02,39.15,40.58,40.86,3552183,141942678.0,shares,0
2015-03-31,40.24,42.49,40.2,41.27,40.58,4190578,173558013.0,shares,0
2015-04-01,41.03,42.75,41.03,42.06,41.27,4149586,174407978.0,shares,0
2015-04-02,42.27,44.55,42.0,43.11,42.06,4947511,213855881.0,shares,0
2015-04-03,42.7,47.42,42.62,47.42,43.11,6566130,297050912.0,shares,0
2015-04-07,48.06,49.49,46.55,47.02,47.42,6949167,330640192.0,shares,0
2015-04-08,47.97,48.99,43.76,45.14,47.02,6090463,281501888.0,shares,0
2015-04-09,45.05,49.65,42.7,49.65,45.14,6067429,281304496.0,shares,0
2015-04-10,52.3,54.62,51.73,54.62,49.65,7998368,429467536.0,shares,0
2015-04-13,55.88,55.99,52.01,53.3,54.62,7583198,411581424.0,shares,0
2015-04-14,53.03,58.0,52.58,53.87,53.3,6771125,372886784.0,shares,0
2015-04-15,52.99,53.8,48.88,49.38,53.87,5312579,269902112.0,shares,0
2015-04-16,49.4,51.3,47.8,48.01,49.38,3730563,185522172.0,shares,0
2015-04-17,47.99,50.0,47.35,48.47,48.01,3866037,186787630.0,shares,0
2015-04-20,48.1,49.7,46.92,47.35,48.47,3332362,160280409.0,shares,0
2015-04-21,47.35,49.77,47.1,49.15,47.35,3941753,192500077.0,shares,0
2015-04-22,48.8,52.45,48.8,50.03,49.15,5021680,253274475.0,shares,0
2015-04-23,50.0,51.8,49.76,50.76,50.03,4618925,234790433.0,shares,0
2015-04-24,49.8,55.84,48.88,55.84,50.76,8533257,457033136.0,shares,0
2015-04-27,55.77,57.88,53.0,53.39,55.84,5521711,302664384.0,shares,0
2015-04-28,53.03,53.8,48.1,49.51,53.39,4039017,203553845.0,shares,0
2015-04-29,49.51,54.46,49.46,54.46,49.51,4449668,234667040.0,shares,0
2015-04-30,58.88,59.91,58.87,59.91,54.46,2101442,125063125.0,shares,0
2015-05-04,62.99,62.99,57.3,60.5,59.91,7116219,420706960.0,shares,0
2015-05-05,37.1,40.0,34.3,35.0,37.81,7219551,255157962.0,shares,0
2015-05-06,35.18,35.99,33.2,33.4,35.0,7609587,265815675.0,shares,0
2015-05-07,33.18,36.74,32.85,36.74,33.4,10979429,388638288.0,shares,0
2015-05-08,37.33,40.4,36.09,39.8,36.74,10537474,404780176.0,shares,0
2015-05-11,39.0,43.6,38.46,43.02,39.8,9611812,399339584.0,shares,0
2015-05-12,42.0,43.9,40.56,41.86,43.02,9396755,395745712.0,shares,0
2015-05-13,40.89,45.65,39.9,44.04,41.86,9566779,414870784.0,shares,0
2015-05-14,45.5,46.7,42.91,43.13,44.04,6579056,293632640.0,shares,0
2015-05-15,42.0,43.18,41.0,42.07,43.13,5112063,214142278.0,shares,0
2015-05-18,42.47,44.43,42.02,43.99,42.07,5592985,244335546.0,shares,0
2015-05-19,43.3,46.59,43.3,46.0,43.99,5385876,243624644.0,shares,0
2015-05-20,46.0,48.0,45.0,45.95,46.0,5264880,245944945.0,shares,0
2015-05-21,46.0,47.6,45.0,46.5,45.95,5465366,253261016.0,shares,0
2015-05-22,47.9,51.15,46.48,49.5,46.5,9978060,490903744.0,shares,0
2015-05-25,47.02,53.21,45.58,51.8,49.5,8441674,411909248.0,shares,0
2015-05-26,53.58,56.98,50.55,56.98,51.8,8929226,486104240.0,shares,0
2015-05-27,57.17,61.87,55.02,58.43,56.98,7583744,443764944.0,shares,0
2015-05-28,57.46,60.88,52.59,52.59,58.43,7347667,412119616.0,shares,0
2015-05-29,51.5,55.1,50.2,54.21,52.59,6215480,330546960.0,shares,0
2015-06-01,54.0,57.77,53.51,54.2,54.21,5222918,289153152.0,shares,0
2015-06-02,54.3,57.89,53.4,56.4,54.2,6536393,364402016.0,shares,0
2015-06-03,56.66,57.0,51.51,53.78,56.4,5159059,280102480.0,shares,0
2015-06-04,53.7,54.23,48.4,50.06,53.78,6673081,333351888.0,shares,0
2015-06-05,50.86,51.71,48.31,48.94,50.06,5737476,286558000.0,shares,0
2015-06-08,49.3,49.7,45.01,45.53,48.94,6613377,308765456.0,shares,0
2015-06-09,46.59,48.0,45.53,47.26,45.53,4960515,231570225.0,shares,0
2015-06-10,47.02,48.96,46.08,48.13,47.26,4709592,225623026.0,shares,0
2015-06-11,48.18,50.21,48.16,49.82,48.13,5311445,262600359.0,shares,0
2015-06-12,49.82,52.68,49.52,50.57,49.82,5616849,287697584.0,shares,0
2015-06-15,50.8,50.87,45.76,46.2,50.57,5255269,252084376.0,shares,0
2015-06-16,45.9,45.9,41.73,42.9,46.2,5359360,231218958.0,shares,0
2015-06-17,42.9,45.6,42.7,45.32,42.9,4503043,198814854.0,shares,0
2015-06-18,45.36,45.36,41.25,41.5,45.32,3216595,141124354.0,shares,0
2015-06-19,40.55,43.01,39.0,39.61,41.5,4013910,165362107.0,shares,0
2015-06-23,40.55,43.56,39.59,43.54,39.61,4707362,195294188.0,shares,0
2015-06-24,44.02,45.95,42.72,44.64,43.54,5352866,237736298.0,shares,0
2015-06-25,45.65,45.65,40.18,41.07,44.64,4235454,181483288.0,shares,0
2015-06-26,39.58,43.43,36.96,36.96,41.07,6591972,265546942.0,shares,0
2015-06-29,38.16,38.17,33.26,33.26,36.96,6371876,223780787.0,shares,0
2015-06-30,33.0,36.38,29.93,35.6,33.26,6708032,221038481.0,shares,0
2015-07-01,34.88,36.82,32.05,32.52,35.6,5864380,206726760.0,shares,0
2015-07-02,31.19,33.35,29.27,29.27,32.52,5252412,161145312.0,shares,0
2015-07-03,26.89,29.89,26.34,26.34,29.27,5302576,143148772.0,shares,0
2015-07-06,28.97,28.97,23.71,23.71,26.34,6353884,161243032.0,shares,0
2015-07-07,21.71,21.71,21.34,21.34,23.71,1301500,27841076.0,shares,0
2015-07-08,19.21,20.5,19.21,19.65,21.34,19996187,387001696.0,shares,0
2015-07-09,19.3,21.62,19.3,21.62,19.65,3724883,78041393.0,shares,0
2015-07-10,23.48,23.78,22.51,23.78,21.62,4085422,96521383.0,shares,0
2015-07-13,26.16,26.16,25.2,26.16,23.78,8919439,233041571.0,shares,0
2015-07-14,27.6,28.78,26.52,28.78,26.16,12395421,350236832.0,shares,0
2015-07-15,27.48,27.65,25.9,25.9,28.78,8604125,225906678.0,shares,0
2015-07-16,23.31,26.99,23.31,25.73,25.9,8517533,213586369.0,shares,0
2015-07-17,26.03,28.2,25.4,27.95,25.73,7204844,194935588.0,shares,0
2015-07-20,27.5,29.79,27.02,28.77,27.95,8221515,235311660.0,shares,0
2015-07-21,27.62,29.39,27.62,29.29,28.77,7345945,209787450.0,shares,0
2015-07-22,28.7,30.79,28.6,30.2,29.29,7932648,235522303.0,shares,0
2015-07-23,30.2,31.55,29.31,30.87,30.2,8321243,252788046.0,shares,0
2015-07-24,31.0,32.67,29.4,30.03,30.87,8715845,273135776.0,shares,0
2015-07-27,29.0,29.98,27.03,27.03,30.03,6504999,185749933.0,shares,0
2015-07-28,24.35,26.15,24.33,24.33,27.03,8365039,206530855.0,shares,0
2015-07-29,24.87,26.01,22.5,25.63,24.33,7821789,188599066.0,shares,0
2015-07-30,25.46,25.9,23.2,23.4,25.63,6475852,162558356.0,shares,0
2015-07-31,22.7,24.5,22.6,23.35,23.4,4517265,106767267.0,shares,0
2015-08-03,22.61,23.0,21.02,21.02,23.35,4715626,102177554.0,shares,0
2015-08-04,21.15,23.12,21.15,23.12,21.02,4812480,106427766.0,shares,0
2015-08-05,24.0,24.84,23.31,23.83,23.12,6083520,146927287.0,shares,0
2015-08-06,22.82,24.98,22.81,24.35,23.83,5797201,139864763.0,shares,0
2015-08-07,24.65,25.85,24.35,25.65,24.35,7459234,188280088.0,shares,0
2015-08-10,25.9,27.88,25.46,27.65,25.65,6877009,182246445.0,shares,0
2015-08-11,27.5,27.75,26.7,27.06,27.65,6893908,188198660.0,shares,0
2015-08-12,26.52,27.1,25.3,25.48,27.06,5285214,139725680.0,shares,0
2015-08-13,25.15,26.8,25.15,26.8,25.48,7958504,206236433.0,shares,0
2015-08-14,27.38,27.97,26.84,27.22,26.8,7575828,206632345.0,shares,0
2015-08-17,26.7,27.77,26.2,27.65,27.22,6007518,162813053.0,shares,0
2015-08-18,27.66,29.28,24.89,24.89,27.65,10778179,295935424.0,shares,0
2015-08-19,23.51,25.96,22.7,25.52,24.89,7373707,177312700.0,shares,0
2015-08-20,25.03,25.58,24.0,24.34,25.52,5055869,125757793.0,shares,0
2015-08-21,23.66,23.9,22.0,22.11,24.34,4618497,106071346.0,shares,0
2015-08-24,20.5,20.9,19.9,19.9,22.11,3375226,67722168.0,shares,0
2015-08-25,17.93,18.76,17.91,17.91,19.9,3572336,64458702.0,shares,0
2015-08-26,17.88,18.55,16.2,16.3,17.91,4956023,86429550.0,shares,0
2015-08-27,17.01,17.7,15.68,17.4,16.3,4419939,74322653.0,shares,0
2015-08-28,17.9,19.1,17.51,19.1,17.4,4991347,90285882.0,shares,0
2015-08-31,18.9,18.9,17.6,17.66,19.1,4191561,76309510.0,shares,0
2015-09-01,17.66,17.66,15.89,15.89,17.66,3958893,64732718.0,shares,0
2015-09-02,14.8,17.0,14.71,15.01,15.89,4249786,66631701.0,shares,0
2015-09-07,15.4,16.4,15.4,15.91,15.01,4235045,67298517.0,shares,0
2015-09-08,15.6,17.5,15.4,17.44,15.91,4935044,80654804.0,shares,0
2015-09-09,17.51,18.58,17.44,18.37,17.44,6521607,118203518.0,shares,0
2015-09-10,18.0,18.92,17.76,18.05,18.37,4184138,76346246.0,shares,0
2015-09-11,18.0,18.78,17.61,18.18,18.05,4000403,72846200.0,shares,0
2015-09-14,18.22,18.47,16.36,16.36,18.18,4111099,71188200.0,shares,0
2015-09-15,15.79,16.17,14.72,14.73,16.36,4293815,65701163.0,shares,0
2015-09-16,14.9,16.2,14.76,16.2,14.73,5369288,82953184.0,shares,0
2015-09-17,16.3,17.6,16.2,16.6,16.2,7010058,118043749.0,shares,0
2015-09-18,16.71,18.26,16.25,18.26,16.6,8443335,148768679.0,shares,0
2015-09-21,18.5,20.08,18.21,19.75,18.26,11957803,228342862.0,shares,0
2015-09-22,19.1,19.85,18.92,19.44,19.75,9581640,185248149.0,shares,0
2015-09-23,19.0,21.38,18.75,21.38,19.44,11067413,222986260.0,shares,0
2015-09-24,22.0,22.3,20.5,20.9,21.38,9439566,199816904.0,shares,0
2015-09-25,20.51,21.6,18.81,19.5,20.9,9413694,189266267.0,shares,0
2015-09-28,20.25,21.45,19.98,21.45,19.5,9842261,207327444.0,shares,0
2015-09-29,21.01,23.6,20.88,23.6,21.45,14637040,325885648.0,shares,0
2015-09-30,24.0,25.64,22.42,22.61,23.6,13387236,319130240.0,shares,0
2015-10-08,23.38,24.87,23.03,24.87,22.61,9538014,227916685.0,shares,0
2015-10-09,24.5,27.36,24.3,27.36,24.87,9509057,245938427.0,shares,0
2015-10-12,28.2,29.17,26.7,26.99,27.36,21071947,585950304.0,shares,0
2015-10-13,26.25,28.89,26.21,27.69,26.99,15515249,430778400.0,shares,0
2015-10-14,27.1,27.8,26.27,26.58,27.69,10752966,289189824.0,shares,0
2015-10-15,26.2,28.99,25.8,28.13,26.58,13611889,373891936.0,shares,0
2015-10-16,28.3,28.38,26.8,27.82,28.13,11953767,329615136.0,shares,0
2015-10-19,27.57,30.29,27.5,28.5,27.82,13646208,393423584.0,shares,0
2015-10-20,28.68,31.35,28.68,29.84,28.5,13403240,403388528.0,shares,0
2015-10-21,29.35,29.77,26.86,26.86,29.84,13246779,372215040.0,shares,0
2015-10-22,26.71,28.23,25.6,27.83,26.86,12223210,331330384.0,shares,0
2015-10-23,27.51,29.2,27.0,28.79,27.83,13594923,380838688.0,shares,0
2015-10-26,28.8,28.88,27.2,28.09,28.79,10368139,291225104.0,shares,0
2015-10-27,27.85,30.9,27.81,30.9,28.09,16327565,486076656.0,shares,0
2015-10-28,31.66,33.99,30.06,30.31,30.9,18926785,610147952.0,shares,0
2015-10-29,30.31,31.49,29.19,30.38,30.31,10729461,324829344.0,shares,0
2015-10-30,29.8,30.47,28.9,29.37,30.38,7877939,233893785.0,shares,0
2015-11-02,28.21,32.31,27.76,30.35,29.37,11509700,348122208.0,shares,0
2015-11-03,30.3,32.98,30.0,31.88,30.35,10464231,332703376.0,shares,0
2015-11-04,31.6,34.66,31.25,33.9,31.88,12130226,401204032.0,shares,0
2015-11-05,33.47,35.62,33.02,34.85,33.9,12837474,442071456.0,shares,0
2015-11-06,38.23,38.34,38.07,38.34,34.85,3974851,152321747.0,shares,0
2015-11-09,38.5,41.8,37.51,39.1,38.34,14394221,563846128.0,shares,0
2015-11-10,38.19,39.6,37.48,38.37,39.1,9434824,363054304.0,shares,0
2015-11-11,37.76,40.8,37.76,39.18,38.37,9694717,382128608.0,shares,0
2015-11-12,39.97,40.01,36.88,37.71,39.18,10879388,412626368.0,shares,0
2015-11-13,37.0,38.5,36.48,36.58,37.71,7081481,263756371.0,shares,0
2015-11-16,36.0,38.49,35.31,38.35,36.58,6649649,249492441.0,shares,0
2015-11-17,38.48,39.4,35.91,36.1,38.35,9732716,364793600.0,shares,0
2015-11-18,36.25,38.32,36.0,36.43,36.1,7459862,277270432.0,shares,0
2015-11-19,36.6,40.07,36.6,40.07,36.43,14454132,560545136.0,shares,0
2015-11-20,40.23,40.43,38.3,39.4,40.07,11937263,469231232.0,shares,0
2015-11-23,38.88,39.1,37.08,37.61,39.4,7817388,296434560.0,shares,0
2015-11-24,37.9,39.07,36.81,39.0,37.61,7678753,292788192.0,shares,0
2015-11-25,38.7,42.47,38.69,40.26,39.0,11503846,468828416.0,shares,0
2015-11-26,39.94,40.88,38.5,38.91,40.26,7344799,290243568.0,shares,0
2015-11-27,38.73,40.0,35.02,37.0,38.91,9764044,371776752.0,shares,0
2015-11-30,36.9,37.8,33.51,36.17,37.0,8081376,288970240.0,shares,0
2015-12-01,36.1,36.85,34.58,35.1,36.17,5017271,179378306.0,shares,0
2015-12-02,35.29,35.8,32.19,34.4,35.1,4852407,164994602.0,shares,0
2015-12-03,34.5,35.95,34.25,35.95,34.4,4653385,164237643.0,shares,0
2015-12-04,35.89,37.1,35.33,36.23,35.95,5879567,213495254.0,shares,0
2015-12-07,36.25,36.4,35.18,36.1,36.23,4393600,157277194.0,shares,0
2015-12-08,36.0,36.0,34.4,34.48,36.1,4086512,143079147.0,shares,0
2015-12-09,34.3,36.07,34.0,35.03,34.48,4418391,155823742.0,shares,0
2015-12-10,34.57,35.28,34.38,34.63,35.03,3480579,121183319.0,shares,0
2015-12-11,34.1,34.75,33.55,33.73,34.63,2802991,95772486.0,shares,0
2015-12-14,32.9,33.8,31.88,33.8,33.73,5022449,164237973.0,shares,0
2015-12-15,34.03,34.88,33.9,34.3,33.8,3706241,127732064.0,shares,0
2015-12-16,34.8,36.4,34.41,35.48,34.3,5709483,204077039.0,shares,0
2015-12-17,36.09,36.4,35.6,36.27,35.48,5508687,198699209.0,shares,0
2015-12-18,36.47,37.38,36.2,36.41,36.27,5267181,193372157.0,shares,0
2015-12-21,36.43,36.96,35.13,36.47,36.41,3868839,139484927.0,shares,0
2015-12-22,36.22,38.35,36.22,37.9,36.47,6845787,256953155.0,shares,0
2015-12-23,37.6,37.79,36.04,36.2,37.9,5628963,207120663.0,shares,0
2015-12-24,36.0,37.88,35.61,37.52,36.2,4576233,168323008.0,shares,0
2015-12-25,37.69,39.3,37.45,37.81,37.52,6194667,238251423.0,shares,0
2015-12-28,37.77,39.11,36.5,36.55,37.81,6009701,227678941.0,shares,0
2015-12-29,36.1,36.77,35.4,36.3,36.55,4545848,163494959.0,shares,0
2015-12-30,36.51,38.67,36.37,38.55,36.3,6234093,234409348.0,shares,0
2015-12-31,38.56,38.8,36.71,36.91,38.55,5139147,192915553.0,shares,0
2016-01-04,37.0,37.0,33.22,33.22,36.91,4205738,144914641.0,shares,0
2016-01-05,30.23,32.88,29.9,30.7,33.22,5975194,186057655.0,shares,0
2016-01-06,30.98,31.58,30.0,31.4,30.7,4009117,124488777.0,shares,0
2016-01-07,30.48,30.48,28.26,28.26,31.4,1026900,29903682.0,shares,0
2016-01-08,28.77,29.24,25.44,27.25,28.26,4831362,133365906.0,shares,0
2016-01-11,25.88,26.5,24.53,24.53,27.25,4320344,108915635.0,shares,0
2016-01-12,24.53,25.35,23.3,24.84,24.53,4552471,112090562.0,shares,0
2016-01-13,25.12,25.3,22.36,22.36,24.84,4909126,118219798.0,shares,0
2016-01-14,21.0,24.14,21.0,23.96,22.36,6098358,138082827.0,shares,0
2016-01-15,23.33,24.24,22.38,22.6,23.96,4794248,111858055.0,shares,0
2016-01-18,22.0,24.79,21.83,23.88,22.6,5568405,131688180.0,shares,0
2016-01-19,23.89,25.99,23.71,25.75,23.88,6381014,158199153.0,shares,0
2016-01-20,25.16,25.79,24.7,25.32,25.75,5388884,136255777.0,shares,0
2016-01-21,24.8,26.5,24.58,24.58,25.32,5690505,144540701.0,shares,0
2016-01-22,25.19,26.19,24.1,25.81,24.58,4925798,124213946.0,shares,0
2016-01-25,26.1,26.49,25.26,25.79,25.81,4395657,114269508.0,shares,0
2016-01-26,25.03,25.31,23.21,23.21,25.79,4393546,106366901.0,shares,0
2016-01-27,23.21,23.9,21.36,23.65,23.21,4688678,105753998.0,shares,0
2016-01-28,23.06,23.44,21.6,21.98,23.65,3764288,85429543.0,shares,0
2016-01-29,21.46,24.08,21.46,23.5,21.98,4125991,95020555.0,shares,0
2016-02-01,23.65,23.65,21.33,22.69,23.5,3335571,76163142.0,shares,0
2016-02-02,22.67,24.3,22.52,24.28,22.69,4193013,99794122.0,shares,0
2016-02-03,23.8,24.76,23.4,24.5,24.28,4279789,102126942.0,shares,0
2016-02-04,24.6,25.63,24.4,25.31,24.5,4888613,123029623.0,shares,0
2016-02-05,25.51,25.51,24.6,24.72,25.31,3261704,81186645.0,shares,0
2016-02-15,23.79,25.22,23.01,24.99,24.72,3734393,90193277.0,shares,0
2016-02-16,25.1,26.43,25.0,26.23,24.99,4982878,129451208.0,shares,0
2016-02-17,26.03,26.99,25.6,26.7,26.23,4897744,128543268.0,shares,0
2016-02-18,26.68,26.9,25.9,25.91,26.7,4564596,120252801.0,shares,0
2016-02-19,25.85,26.69,25.63,26.3,25.91,4267186,111955134.0,shares,0
2016-02-22,27.38,28.15,26.6,27.27,26.3,6310256,172467379.0,shares,0
2016-02-23,27.48,28.5,26.93,28.28,27.27,7630539,211510289.0,shares,0
2016-02-24,27.4,27.89,26.33,27.34,28.28,5869598,159761685.0,shares,0
2016-02-25,26.98,27.19,24.61,24.61,27.34,5806043,148646747.0,shares,0
2016-02-26,24.9,25.7,24.3,24.64,24.61,4339747,108724024.0,shares,0
2016-02-29,24.49,24.49,22.18,22.18,24.64,3892789,88021608.0,shares,0
2016-03-01,22.2,23.18,20.51,22.53,22.18,4287788,94701424.0,shares,0
2016-03-02,22.44,23.66,22.15,23.55,22.53,4173518,95965316.0,shares,0
2016-03-03,23.35,24.28,23.29,23.3,23.55,4090723,97059707.0,shares,0
2016-03-04,23.1,23.16,21.3,21.5,23.3,4368789,96969763.0,shares,0
2016-03-07,21.8,22.8,21.8,21.98,21.5,2930826,65146186.0,shares,0
2016-03-08,21.8,22.5,20.0,22.49,21.98,4141349,89223956.0,shares,0
2016-03-09,22.0,22.79,21.49,21.88,22.49,2734942,60574304.0,shares,0
2016-03-10,21.86,22.35,21.41,21.5,21.88,2200224,48097591.0,shares,0
2016-03-11,21.0,21.7,20.71,21.69,21.5,2592812,55120854.0,shares,0
2016-03-14,22.1,23.78,22.1,23.38,21.69,4835436,111730096.0,shares,0
2016-03-15,23.25,23.51,22.75,22.9,23.38,3409895,78752186.0,shares,0
2016-03-16,23.58,23.88,22.45,22.57,22.9,2970772,68274734.0,shares,0
2016-03-17,22.75,24.1,22.5,24.01,22.57,5008394,117843789.0,shares,0
2016-03-18,24.03,25.38,24.03,25.13,24.01,5578703,138527023.0,shares,0
2016-03-21,25.45,26.46,25.13,25.86,25.13,5410685,139132370.0,shares,0
2016-03-22,25.42,26.88,25.38,26.01,25.86,5179675,136063839.0,shares,0
2016-03-23,25.84,27.27,25.51,26.98,26.01,5732647,150740310.0,shares,0
2016-03-24,26.6,27.6,26.1,26.12,26.98,6160765,165289284.0,shares,0
2016-03-25,25.75,26.24,25.3,25.9,26.12,4138171,106549303.0,shares,0
2016-03-28,26.1,26.52,25.58,25.78,25.9,3582102,93707863.0,shares,0
2016-03-29,25.1,25.6,23.85,24.3,25.78,5909501,144415665.0,shares,0
2016-03-30,24.5,25.87,24.5,25.76,24.3,5158860,129187833.0,shares,0
2016-03-31,25.6,26.58,25.6,25.85,25.76,5926086,154313815.0,shares,0
2016-04-01,25.67,25.67,24.66,25.38,25.85,4563496,114385940.0,shares,0
2016-04-05,25.31,26.42,25.05,26.36,25.38,5017384,130272266.0,shares,0
2016-04-06,26.36,27.0,26.05,26.75,26.36,5000020,133352291.0,shares,0
2016-04-07,26.76,26.9,25.56,25.77,26.75,4532913,118410760.0,shares,0
2016-04-08,25.51,26.88,25.26,26.86,25.77,5371780,140545850.0,shares,0
2016-04-11,27.0,27.58,26.86,27.5,26.86,7516105,204858575.0,shares,0
2016-04-12,27.01,27.08,26.13,26.49,27.5,4924945,130738452.0,shares,0
2016-04-13,26.85,27.65,26.83,26.92,26.49,5549038,151205777.0,shares,0
2016-04-14,27.05,29.5,27.05,28.58,26.92,8491962,240481196.0,shares,0
2016-04-15,28.4,31.28,27.8,31.1,28.58,9638510,278690512.0,shares,0
2016-04-18,30.06,32.6,30.0,31.4,31.1,13024532,412027360.0,shares,0
2016-04-19,31.36,33.18,31.26,32.2,31.4,8280981,267948492.0,shares,0
2016-04-20,32.11,32.5,29.38,31.2,32.2,10217521,313460288.0,shares,0
2016-04-21,30.85,31.71,29.88,30.7,31.2,6828156,210499748.0,shares,0
2016-04-22,30.54,31.5,30.01,30.8,30.7,4124643,126520498.0,shares,0
2016-04-25,30.77,30.77,29.08,29.3,30.8,4220849,125135532.0,shares,0
2016-04-26,29.2,30.3,28.91,29.82,29.3,4121138,121784610.0,shares,0
2016-04-27,29.98,29.98,28.98,29.33,29.82,3506188,103149993.0,shares,0
2016-04-28,29.27,29.47,27.71,29.22,29.33,4835967,137721680.0,shares,0
2016-04-29,28.88,29.13,28.51,28.51,29.22,2738960,78912709.0,shares,0
2016-05-03,28.94,31.36,28.53,31.36,28.51,6090670,185930596.0,shares,0
2016-05-04,31.2,32.85,31.11,31.8,31.36,7933043,253705395.0,shares,0
2016-05-05,32.0,32.29,30.87,31.59,31.8,5329803,167372884.0,shares,0
2016-05-06,31.83,31.99,29.18,29.6,31.59,6997930,213329261.0,shares,0
2016-05-09,29.0,29.0,27.29,27.53,29.6,5329123,150002552.0,shares,0
2016-05-10,27.53,30.08,27.49,29.0,27.53,5537795,160913087.0,shares,0
2016-05-11,29.19,29.27,28.0,28.47,29.0,3525552,100917742.0,shares,0
2016-05-12,27.33,29.59,27.28,29.06,28.47,3321830,95112444.0,shares,0
2016-05-13,29.05,30.44,28.51,29.41,29.06,4604773,136990404.0,shares,0
2016-05-16,28.9,31.4,28.9,31.15,29.41,4813581,147438801.0,shares,0
2016-05-17,31.2,31.98,30.53,30.6,31.15,5968576,185832216.0,shares,0
2016-05-18,30.13,30.13,28.21,28.65,30.6,4558606,133247992.0,shares,0
2016-05-19,28.65,30.87,28.65,29.27,28.65,5689931,170119556.0,shares,0
2016-05-20,28.91,30.53,28.0,30.43,29.27,5176731,151834362.0,shares,0
2016-05-23,30.2,33.29,30.2,32.74,30.43,9969407,319162640.0,shares,0
2016-05-24,32.24,33.35,31.62,32.3,32.74,7049190,228417314.0,shares,0
2016-05-25,32.6,33.55,32.32,32.79,32.3,7404905,243954293.0,shares,0
2016-05-26,32.5,33.5,31.0,33.09,32.79,6660364,215642368.0,shares,0
2016-05-27,33.52,36.0,33.5,34.8,33.06,11270389,394880128.0,shares,0
2016-05-30,33.98,37.48,33.08,36.65,34.8,10433434,377711328.0,shares,0
2016-05-31,36.36,39.86,35.88,39.2,36.65,11009701,410734864.0,shares,0
2016-06-01,39.1,43.12,38.51,43.12,39.2,14538454,595906192.0,shares,0
2016-06-02,42.98,46.45,42.98,44.0,43.12,9652218,428899088.0,shares,0
2016-12-16,48.4,48.4,48.4,48.4,44.0,244393,11828621.0,shares,0
2017-04-06,43.56,43.56,43.56,43.56,48.4,208800,9095328.0,shares,0
2017-04-07,39.2,39.2,39.2,39.2,43.56,112600,4413920.0,shares,0
2017-04-10,35.28,35.28,35.28,35.28,39.2,374200,13201776.0,shares,0
2017-04-11,31.75,34.44,31.75,32.09,35.28,26247757,848640752.0,shares,0
2017-04-12,30.11,30.99,29.15,29.63,32.09,18677010,563883408.0,shares,0
2017-04-13,29.53,30.5,29.3,29.65,29.63,9914559,296088400.0,shares,0
2017-04-14,29.61,29.61,27.2,27.3,29.65,10800405,305055552.0,shares,0
2017-04-17,27.08,28.3,26.08,27.88,27.3,9230809,250260481.0,shares,0
2017-04-18,27.63,28.1,26.0,26.21,27.88,8074407,218502319.0,shares,0
2017-04-19,26.14,26.98,25.68,26.5,26.21,5393006,142174746.0,shares,0
2017-04-20,26.39,27.37,26.2,27.19,26.5,6518724,175275571.0,shares,0
2017-04-21,27.43,27.49,24.7,25.14,27.19,7830652,205766827.0,shares,0
2017-04-24,24.78,25.13,23.56,24.02,25.14,5706705,138785672.0,shares,0
2017-04-25,24.3,24.88,23.99,24.21,24.02,5143078,125734663.0,shares,0
2017-04-26,24.06,25.48,24.06,24.96,24.21,5729251,142483538.0,shares,0
2017-04-27,24.71,25.96,24.38,25.64,24.96,6491677,163693832.0,shares,0
2017-04-28,25.3,25.88,25.3,25.38,25.64,3991191,101719466.0,shares,0
2017-05-02,25.3,26.37,25.3,26.2,25.38,5268135,136227409.0,shares,0
2017-05-03,26.01,26.15,25.6,25.84,26.2,4506988,116291211.0,shares,0
2017-05-04,25.6,26.93,25.58,26.27,25.84,6246780,163914965.0,shares,0
2017-05-05,26.21,26.8,25.33,25.4,26.27,5191981,136381122.0,shares,0
2017-05-08,24.88,25.33,23.94,23.94,25.4,4542194,111940000.0,shares,0
2017-05-09,24.1,26.33,24.1,26.33,23.94,5710908,144302818.0,shares,0
2017-05-10,26.85,27.58,26.35,26.63,26.33,12232667,328907392.0,shares,0
2017-05-11,26.05,27.19,26.05,26.95,26.63,7954206,212133144.0,shares,0
2017-05-12,26.55,26.94,26.16,26.7,26.95,5840692,154983895.0,shares,0
2017-05-15,26.8,27.46,26.52,27.18,26.7,6362181,172291409.0,shares,0
2017-05-16,27.0,28.45,26.2,28.35,27.18,8742857,239960668.0,shares,0
2017-05-17,28.13,28.58,27.68,27.73,28.35,7383838,207461344.0,shares,0
2017-05-18,27.32,27.87,26.8,26.8,27.73,5250057,143117573.0,shares,0
2017-05-19,26.8,27.95,26.8,26.97,26.8,4677208,127962212.0,shares,0
2017-05-22,26.71,27.5,26.14,26.2,26.97,4331830,115567220.0,shares,0
2017-05-23,25.88,26.2,23.58,23.58,26.2,7503575,183828295.0,shares,0
2017-05-24,23.1,23.2,21.75,22.94,23.58,5173701,117094194.0,shares,0
2017-05-25,22.9,23.53,22.38,23.26,22.94,3803099,87489005.0,shares,0
2017-05-26,23.29,23.42,22.83,22.99,23.26,2548664,58782596.0,shares,0
2017-05-31,23.32,23.69,22.36,22.48,22.99,3104152,72263788.0,shares,0
2017-06-01,22.2,22.48,20.31,20.41,22.48,5336449,113866855.0,shares,0
2017-06-02,20.3,21.3,20.0,21.11,20.41,3655555,75273465.0,shares,0
2017-06-05,21.19,22.15,21.18,21.75,21.11,3480161,75514782.0,shares,0
2017-06-06,21.81,22.27,21.62,21.97,21.75,2968727,65150409.0,shares,0
2017-06-07,22.0,23.61,21.97,23.16,21.97,4709460,107453330.0,shares,0
2017-06-08,23.04,23.44,22.64,22.77,23.16,3477752,79543556.0,shares,0
2017-06-09,22.9,23.84,22.7,23.8,22.77,4978681,116461845.0,shares,0
2017-06-12,23.46,23.9,23.06,23.21,23.8,3905410,91729404.0,shares,0
2017-06-13,22.91,23.85,22.88,23.14,23.21,2917193,68374136.0,shares,0
2017-06-14,23.3,23.77,23.17,23.41,23.14,3040477,71118472.0,shares,0
2017-06-15,23.64,24.55,23.31,24.03,23.41,4169074,100634830.0,shares,0
2017-06-16,24.06,24.19,23.3,23.59,24.03,3377655,79916800.0,shares,0
2017-06-19,23.6,24.09,23.58,23.96,23.59,2510376,59977210.0,shares,0
2017-06-20,24.2,25.97,24.16,24.6,23.96,6596355,165952460.0,shares,0
2017-06-21,24.6,26.2,24.3,25.84,24.6,6936404,177362921.0,shares,0
2017-06-22,25.72,26.18,24.5,24.57,25.84,6035487,153537583.0,shares,0
2017-06-23,25.2,25.48,24.23,25.22,24.57,3970034,99407359.0,shares,0
2017-06-26,25.4,25.41,24.77,25.02,25.22,2966833,74222602.0,shares,0
2017-06-27,25.09,25.45,24.66,24.73,25.02,2236367,55811421.0,shares,0
2017-06-28,24.85,24.92,23.96,24.37,24.73,3052473,74161420.0,shares,0
2017-06-29,24.61,24.95,24.27,24.28,24.37,2209727,54284098.0,shares,0
2017-06-30,24.26,24.61,24.03,24.35,24.28,1880373,45833906.0,shares,0
2017-07-03,24.47,24.86,24.23,24.82,24.35,2112335,51916686.0,shares,0
2017-07-04,24.81,25.38,24.6,25.11,24.82,2750397,68792657.0,shares,0
2017-07-05,25.1,25.29,24.8,25.19,25.11,2633647,66023629.0,shares,0
2017-07-06,25.22,25.44,24.9,25.03,25.19,2700410,67973603.0,shares,0
2017-07-07,24.8,24.97,24.46,24.68,25.03,2513269,62113652.0,shares,0
2017-07-10,24.78,25.88,24.66,25.63,24.68,4785750,121225482.0,shares,0
2017-07-11,25.48,26.68,24.92,25.72,25.63,6494087,168355217.0,shares,0
2017-07-12,25.5,26.48,25.15,26.46,25.72,5536830,143812593.0,shares,0
2017-07-13,26.4,26.41,24.7,24.91,26.46,6220431,158454562.0,shares,0
2017-07-14,24.81,24.81,23.7,23.7,24.91,4073687,98514951.0,shares,0
2017-07-17,23.3,23.45,21.33,21.33,23.7,4853634,107396398.0,shares,0
2017-07-18,20.63,22.17,20.6,21.92,21.33,2853927,61541360.0,shares,0
2017-07-19,21.81,22.3,21.33,22.02,21.92,2132802,46562073.0,shares,0
2017-07-20,22.02,22.65,21.87,22.01,22.02,2196591,48942309.0,shares,0
2017-07-21,22.17,22.55,22.01,22.2,22.01,1431435,31797753.0,shares,0
2017-07-24,21.81,22.37,21.7,22.09,22.2,1755634,38553754.0,shares,0
2017-07-25,22.03,22.58,21.8,22.49,22.09,2559801,57030141.0,shares,0
2017-07-26,22.45,24.74,22.3,24.74,22.49,5325101,125564211.0,shares,0
2017-07-27,24.76,26.08,24.32,25.05,24.74,7957123,200144633.0,shares,0
2017-07-28,24.82,25.2,24.45,24.61,25.05,4322827,107109786.0,shares,0
2017-07-31,24.61,24.9,24.52,24.62,24.61,2266583,55931453.0,shares,0
2017-08-01,24.71,24.75,24.28,24.69,24.62,2343662,57406139.0,shares,0
2017-08-02,24.52,24.64,23.9,23.9,24.69,2560353,61955136.0,shares,0
2017-08-03,24.09,25.19,23.99,25.12,23.9,4765397,118436579.0,shares,0
2017-08-04,24.99,25.11,24.5,24.5,25.12,2730515,67667591.0,shares,0
2017-08-07,24.4,25.01,24.4,24.49,24.5,1707830,42168324.0,shares,0
2017-08-08,24.45,24.9,24.05,24.6,24.49,1884367,46102432.0,shares,0
2017-08-09,24.87,25.5,24.68,25.32,24.6,4567988,115209793.0,shares,0
2017-08-10,25.43,25.43,24.3,24.72,25.32,3064506,76174768.0,shares,0
2017-08-11,24.45,24.97,24.28,24.29,24.72,2058454,50739913.0,shares,0
2017-08-14,24.04,25.41,24.04,25.33,24.29,2986580,74571684.0,shares,0
2017-08-15,25.26,25.47,24.93,25.21,25.33,2614325,65710429.0,shares,0
2017-08-16,25.37,26.6,25.08,26.07,25.21,5852371,151499430.0,shares,0
2017-08-17,25.85,27.0,25.6,26.13,26.07,5657715,148524757.0,shares,0
2017-08-18,25.83,26.08,25.4,25.52,26.13,3357426,86261001.0,shares,0
2017-08-21,25.52,26.19,25.52,25.99,25.52,2251048,58423868.0,shares,0
2017-08-22,26.0,26.05,25.3,25.43,25.99,2096753,53607064.0,shares,0
2017-08-23,25.65,25.93,25.3,25.82,25.43,2068941,53081786.0,shares,0
2017-08-24,26.3,26.3,25.39,25.87,25.82,2773920,71780029.0,shares,0
2017-08-25,25.87,26.19,25.39,26.06,25.87,2841176,73459999.0,shares,0
2017-08-28,26.33,27.7,26.13,27.27,26.06,7783379,210339531.0,shares,0
2017-08-29,26.95,27.9,26.7,26.81,27.27,4857301,131543113.0,shares,0
2017-08-30,26.81,27.85,26.67,27.59,26.81,4983768,136536067.0,shares,0
2017-08-31,27.57,30.35,27.17,30.35,27.59,12327759,364896512.0,shares,0
2017-09-01,30.8,33.39,29.78,33.38,30.35,15995610,505113888.0,shares,0
2017-09-04,33.4,36.6,32.89,34.8,33.38,18095826,632948240.0,shares,0
2017-09-05,35.8,37.0,34.09,36.03,34.8,15054666,535819440.0,shares,0
2017-09-06,37.03,39.63,36.62,39.63,36.03,20324137,775935040.0,shares,0
2017-09-07,40.5,40.82,36.82,37.45,39.63,18060196,692843296.0,shares,0
2017-09-08,37.41,37.68,35.92,36.35,37.45,12098360,443967728.0,shares,0
2017-09-11,36.2,36.8,36.03,36.4,36.35,7837967,285200896.0,shares,0
2017-09-12,36.59,37.97,36.36,37.17,36.4,14985747,556755579.77,shares,0
2017-09-13,36.0,36.24,34.66,35.37,37.17,10878378,383195784.52,shares,0
2017-09-14,35.41,36.43,35.02,35.02,35.37,8215061,292669890.52,shares,0
2017-09-15,34.87,35.0,33.37,34.29,35.02,9080015,309856034.37,shares,0
2017-09-18,34.26,36.1,34.26,35.46,34.29,9573410,339070635.32,shares,0
2017-09-19,35.99,38.7,35.53,36.76,35.46,13799265,514650322.3,shares,0
2017-09-20,37.1,39.07,35.53,37.9,36.76,16439672,618600831.44,shares,0
2017-09-21,37.38,39.05,36.6,37.08,37.9,12939018,487027960.32,shares,0
2017-09-22,36.71,37.12,35.1,35.8,37.08,6565360,237544443.43,shares,0
2017-09-25,35.82,37.5,34.0,34.0,35.8,7956140,286988402.02,shares,0
2017-09-26,33.85,35.17,31.7,32.99,34.0,9738131,318853724.38,shares,0
2017-09-27,33.0,34.57,32.69,34.5,32.99,7983759,268628747.73,shares,0
2017-09-28,34.07,34.95,32.46,32.89,34.5,7622956,258533503.94,shares,0
2017-09-29,31.28,32.0,30.37,31.71,32.89,10548767,328974450.43,shares,0
2017-10-09,32.0,32.78,31.73,32.22,31.71,5869910,189004689.58,shares,0
2017-10-10,32.28,32.3,31.12,31.76,32.22,5941498,187570694.94,shares,0
2017-10-11,31.64,32.15,30.8,30.86,31.76,4871945,153094391.55,shares,0
2017-10-12,30.73,31.35,30.4,31.25,30.86,3965799,122892388.97,shares,0
2017-10-13,31.3,32.38,30.75,32.0,31.25,6826806,217783855.02,shares,0
2017-10-16,31.78,31.95,30.1,30.5,32.0,5282117,163736670.44,shares,0
2017-10-17,30.22,30.74,30.22,30.34,30.5,2163339,65968302.06,shares,0
2017-10-18,30.38,32.2,30.38,31.29,30.34,7071249,221964748.16,shares,0
2017-10-19,31.1,33.09,30.43,32.95,31.29,8844164,281105136.85,shares,0
2017-10-20,32.45,32.72,31.7,32.5,32.95,5896411,190140037.98,shares,0
2017-10-23,32.59,32.89,31.81,32.11,32.5,4163987,134171088.26,shares,0
2017-10-24,31.83,31.96,30.51,31.14,32.11,4142280,128698261.36,shares,0
2017-10-25,31.13,31.74,30.88,31.46,31.14,3456224,108256395.43,shares,0
2017-10-26,31.38,32.3,30.72,32.08,31.46,5339803,169393310.67,shares,0
2017-10-27,31.88,32.08,30.79,31.18,32.08,4432387,138692983.71,shares,0
2017-10-30,30.9,31.5,29.0,29.98,31.18,5088503,154461117.22,shares,0
2017-10-31,30.03,30.47,29.06,29.8,29.98,4063979,120056097.96,shares,0
2017-11-01,29.5,31.95,29.37,31.5,29.8,7587672,236585106.33,shares,0
2017-11-02,31.05,31.79,30.58,31.61,31.5,7219728,225996650.24,shares,0
2017-11-03,32.4,33.0,31.7,32.15,31.61,9539635,309162613.68,shares,0
2017-11-06,31.87,34.45,31.87,33.56,32.15,9718282,324837356.56,shares,0
2017-11-07,33.22,34.35,32.7,34.3,33.56,8826675,295997721.83,shares,0
2017-11-08,34.1,34.15,33.0,33.03,34.3,6878410,230622107.18,shares,0
2017-11-09,32.93,34.96,32.39,34.82,33.03,9319289,314356544.93,shares,0
2017-11-10,34.6,35.6,34.02,34.37,34.82,9275397,320289378.79,shares,0
2017-11-13,33.88,36.02,33.15,35.57,34.37,11862162,411459053.68,shares,0
2017-11-14,35.63,35.63,33.8,33.84,35.57,9032460,312863065.54,shares,0
2017-11-15,33.35,34.19,30.9,31.03,33.84,8661690,280429290.63,shares,0
2017-11-16,31.35,31.5,30.25,30.5,31.03,5614117,173531747.26,shares,0
2017-11-17,30.42,30.85,28.3,28.61,30.5,6601140,195129665.3,shares,0
2017-11-20,28.7,30.0,28.2,29.85,28.61,4517606,132165200.22,shares,0
2017-11-21,29.65,29.9,28.71,29.45,29.85,4263304,125111411.5,shares,0
2017-11-22,29.36,32.4,29.1,32.4,29.45,11319022,359390781.22,shares,0
2017-11-23,32.55,35.64,32.4,35.64,32.4,23608430,820928457.64,shares,0
2017-11-24,35.6,35.64,33.52,34.0,35.64,16921766,585127812.25,shares,0
2017-11-27,33.51,34.92,32.0,32.77,34.0,12557652,422038150.04,shares,0
2017-11-28,33.01,36.05,32.42,36.05,32.77,13952417,480890297.5,shares,0
2017-11-29,37.97,39.59,37.33,37.9,36.05,23971050,915646690.36,shares,0
2017-11-30,37.0,38.29,36.37,37.59,37.9,16483035,614868294.16,shares,0
2017-12-01,37.89,39.28,37.0,37.0,37.59,17216441,656835173.68,shares,0
2017-12-04,36.87,39.5,34.88,39.32,37.0,18497060,687601058.35,shares,0
2017-12-05,38.19,38.35,35.39,35.39,39.32,12497761,463699629.5,shares,0
2017-12-06,34.2,37.6,34.0,37.3,35.39,14371251,522512759.3,shares,0
2017-12-07,36.47,38.6,35.59,36.79,37.3,15230097,565936159.3,shares,0
2017-12-08,37.17,40.47,36.85,39.15,36.79,22876214,904701329.51,shares,0
2017-12-11,38.81,39.69,37.99,39.67,39.15,18103829,704150290.73,shares,0
2017-12-12,38.9,39.85,37.8,38.3,39.67,14315849,555329397.95,shares,0
2017-12-13,38.29,39.18,37.43,38.6,38.3,13169682,504026824.42,shares,0
2017-12-14,38.9,40.42,37.81,39.55,38.6,18326275,719105617.66,shares,0
2017-12-15,39.38,39.38,36.27,37.39,39.55,16307586,617692872.14,shares,0
2017-12-18,36.7,36.81,34.16,35.15,37.39,11010904,388182727.76,shares,0
2017-12-19,34.97,35.93,34.65,35.61,35.15,7777168,274870980.36,shares,0
2017-12-20,35.1,35.88,34.21,35.01,35.61,8222920,288539648.08,shares,0
2017-12-21,34.67,36.07,34.5,35.42,35.01,7935657,281285925.94,shares,0
2017-12-22,35.0,35.73,34.45,34.51,35.42,6756640,236032092.28,shares,0
2017-12-25,34.11,34.24,31.88,32.37,34.51,9097317,298168299.13,shares,0
2017-12-26,32.46,33.36,31.88,32.9,32.37,7141199,233684298.23,shares,0
2017-12-27,32.6,33.25,32.16,32.18,32.9,5745351,187697822.13,shares,0
2017-12-28,31.87,32.68,31.36,32.22,32.18,5094174,164161479.68,shares,0
2017-12-29,32.42,35.44,32.42,35.44,32.22,15599760,546664983.31,shares,0
2018-01-02,35.44,35.9,34.8,35.76,35.44,13650473,482963944.56,shares,0
2018-01-03,35.37,35.99,34.58,35.65,35.76,11353857,402090926.87,shares,0
2018-01-04,35.43,37.6,35.3,36.44,35.65,14755469,540882022.74,shares,0
2018-01-05,35.7,35.9,34.86,35.4,36.44,8701843,307646188.13,shares,0
2018-01-08,35.01,37.68,34.88,37.02,35.4,11562757,419915672.55,shares,0
2018-01-09,36.5,36.78,35.68,36.6,37.02,8168100,296877343.0,shares,0
2018-01-10,36.22,38.3,35.9,36.87,36.6,11645840,432285310.68,shares,0
2018-01-11,36.47,36.48,34.68,35.56,36.87,10110288,360308297.24,shares,0
2018-01-12,34.81,35.94,34.18,34.25,35.56,7082439,247167606.42,shares,0
2018-01-15,33.37,33.97,31.5,31.95,34.25,8021717,261161986.16,shares,0
2018-01-16,31.97,33.33,31.82,32.85,31.95,6617585,217044292.14,shares,0
2018-01-17,32.78,34.25,31.9,33.9,32.85,7572239,252635028.37,shares,0
2018-01-18,33.35,33.58,32.58,32.86,33.9,5238737,173596527.7,shares,0
2018-01-19,33.12,34.12,32.85,33.0,32.86,5851861,194872022.55,shares,0
2018-01-22,32.16,33.88,32.1,32.95,33.0,6398165,211803891.04,shares,0
2018-01-23,32.97,33.53,32.01,32.37,32.95,5404375,176287244.75,shares,0
2018-01-24,32.57,33.79,32.01,33.21,32.37,7723395,254663066.51,shares,0
2018-01-25,32.8,33.59,32.23,32.35,33.21,6234753,204601661.51,shares,0
2018-01-26,32.05,32.55,31.05,31.17,32.35,6292114,199509781.85,shares,0
2018-01-29,31.0,31.78,30.51,31.2,31.17,4205773,131031842.1,shares,0
2018-01-30,30.53,30.97,29.0,29.6,31.2,5357852,160263402.4,shares,0
2018-01-31,29.05,29.25,26.71,26.92,29.6,6905640,191165465.86,shares,0
2018-02-01,26.9,27.3,26.0,26.19,26.92,4728367,125453795.2,shares,0
2018-02-02,25.95,26.44,25.2,25.35,26.19,4396315,113149329.66,shares,0
2018-02-05,24.2,25.12,23.9,24.73,25.35,4126649,101254719.05,shares,0
2018-02-06,24.0,24.48,22.26,22.26,24.73,5714935,132284966.14,shares,0
2018-02-07,22.86,24.0,22.11,23.34,22.26,5316995,122183774.6,shares,0
2018-02-08,23.22,25.25,23.12,24.77,23.34,6251558,152952957.54,shares,0
2018-02-09,23.5,24.75,23.35,23.83,24.77,6063617,145926812.44,shares,0
2018-02-12,24.6,25.84,24.11,25.18,23.83,5436429,135640958.4,shares,0
2018-02-13,25.3,25.3,24.5,24.57,25.18,3807260,94659905.32,shares,0
2018-02-14,24.66,24.87,23.8,23.9,24.57,2499744,60556474.64,shares,0
2018-02-22,24.4,25.55,24.11,25.09,23.9,3816645,95334746.65,shares,0
2018-02-23,25.24,25.95,24.7,25.64,25.09,4722476,119307956.71,shares,0
2018-02-26,25.7,27.6,25.41,27.09,25.64,8017630,213199272.34,shares,0
2018-02-27,27.13,27.57,26.68,26.82,27.09,6651028,180366237.52,shares,0
2018-02-28,26.39,27.25,25.82,26.7,26.82,4963051,131933157.64,shares,0
2018-03-01,26.23,27.77,26.1,27.36,26.7,6427720,174501405.34,shares,0
2018-03-02,27.08,27.68,26.42,26.62,27.36,4685958,126089769.6,shares,0
2018-03-05,26.63,27.84,26.63,27.69,26.62,6152743,168038142.07,shares,0
2018-03-06,27.5,29.89,27.3,27.96,27.69,8856574,250750562.67,shares,0
2018-03-07,27.84,28.95,27.6,28.42,27.96,7263180,206302893.09,shares,0
2018-03-08,28.0,28.45,27.4,27.88,28.42,5244887,146277096.09,shares,0
2018-03-09,27.7,29.1,27.7,28.9,27.88,8164158,233817241.31,shares,0
2018-03-12,28.88,29.88,28.78,29.18,28.9,7706529,224984476.24,shares,0
2018-03-13,28.75,29.65,28.58,28.76,29.18,6482517,188240542.0,shares,0
2018-03-14,28.6,28.96,28.3,28.3,28.76,4291268,122732834.23,shares,0
2018-03-15,28.25,28.64,26.76,27.72,28.3,5991586,165843253.87,shares,0
2018-03-16,27.86,29.2,27.69,27.75,27.72,4968207,141049891.48,shares,0
2018-03-19,27.5,28.77,27.5,28.21,27.75,5262191,149043694.99,shares,0
2018-03-20,27.81,28.04,27.2,27.8,28.21,4569521,126022362.66,shares,0
2018-03-21,28.3,28.76,27.3,27.44,27.8,4803802,134792322.87,shares,0
2018-03-22,27.2,27.73,26.95,27.01,27.44,3910445,106812504.49,shares,0
2018-03-23,25.52,26.34,24.31,24.31,27.01,6535605,164622475.84,shares,0
2018-03-26,24.0,25.75,24.0,25.62,24.31,5342120,134204986.05,shares,0
2018-03-27,26.02,26.95,25.67,26.6,25.62,5931333,156714257.22,shares,0
2018-03-28,26.0,27.3,25.91,26.95,26.6,5660622,151782621.64,shares,0
2018-03-29,27.4,27.54,26.47,26.81,26.95,4109503,110658294.04,shares,0
2018-03-30,26.91,29.49,26.91,29.49,26.81,9659152,280132922.48,shares,0
2018-04-02,32.44,32.44,32.44,32.44,29.49,4384682,142239084.08,shares,0
2018-04-03,33.69,35.5,33.28,33.91,32.44,27460912,937968063.56,shares,0
2018-04-04,33.88,36.73,33.03,34.3,33.91,27173825,940492980.0,shares,0
2018-04-09,33.26,33.85,31.52,32.32,34.3,19263282,625365977.54,shares,0
2018-04-10,32.41,32.93,31.08,32.1,32.32,15225373,488518324.39,shares,0
2018-04-11,32.05,32.68,31.22,31.55,32.1,11853009,378415278.91,shares,0
2018-04-12,31.76,32.14,31.1,31.93,31.55,10804733,343070037.77,shares,0
2018-04-13,31.79,32.19,31.01,31.18,31.93,8578985,270699547.28,shares,0
2018-04-16,30.3,31.16,30.01,30.92,31.18,7003381,214209585.28,shares,0
2018-04-17,32.0,33.0,31.01,31.92,30.92,16012201,514490759.37,shares,0
2018-04-18,32.51,34.49,31.26,33.79,31.92,21684879,721104664.61,shares,0
2018-04-19,33.0,33.72,32.35,32.37,33.79,15703066,517093462.44,shares,0
2018-04-20,32.1,34.2,31.7,33.15,32.37,16820136,559857234.96,shares,0
2018-04-23,33.15,33.96,31.8,33.0,33.15,12483642,410776892.96,shares,0
2018-04-24,32.0,34.6,31.5,34.07,33.0,15391132,513041639.92,shares,0
2018-04-25,33.6,34.53,33.25,33.63,34.07,11933054,404322438.0,shares,0
2018-04-26,33.65,36.34,33.65,34.03,33.63,18092793,634016862.45,shares,0
2018-04-27,34.8,34.95,31.0,31.33,34.03,14382249,465005891.69,shares,0
2018-05-02,31.3,31.6,30.26,30.69,31.33,8325035,256699698.19,shares,0
2018-05-03,29.0,30.46,28.69,30.3,30.69,9847911,289406712.65,shares,0
2018-05-04,29.78,31.28,29.45,30.14,30.3,8343256,253709663.17,shares,0
2018-05-07,30.14,30.99,29.8,30.63,30.14,5619042,171517542.18,shares,0
2018-05-08,30.8,30.96,29.97,30.8,30.63,5785258,176135297.46,shares,0
2018-05-09,30.6,31.65,30.55,31.15,30.8,6819888,212288627.24,shares,0
2018-05-10,30.89,31.13,30.11,30.4,31.15,5073849,154930259.02,shares,0
2018-05-11,30.33,31.5,30.27,30.74,30.4,6760344,209098276.3,shares,0
2018-05-14,30.1,30.89,29.61,29.71,30.74,5524645,166730778.28,shares,0
2018-05-15,29.71,30.48,29.7,30.46,29.71,4063041,122397958.98,shares,0
2018-05-16,30.28,30.6,29.83,29.96,30.46,4126385,124466421.25,shares,0
2018-05-17,30.15,30.4,29.38,29.49,29.96,3821685,114115611.3,shares,0
2018-05-18,29.5,29.76,28.07,28.62,29.49,5653401,162244360.6,shares,0
2018-05-21,28.4,29.85,28.4,29.79,28.62,6162187,181318257.44,shares,0
2018-05-22,29.79,30.47,29.73,30.17,29.79,5450552,164267016.03,shares,0
2018-05-23,30.3,31.88,30.05,30.85,30.17,10041654,310842897.26,shares,0
2018-05-24,30.69,31.5,30.2,30.27,30.85,6521093,200872253.51,shares,0
2018-05-25,30.2,30.47,28.61,29.31,30.27,5658002,166399590.79,shares,0
2018-05-28,29.2,29.68,28.66,29.0,29.31,3748218,109249700.64,shares,0
2018-05-29,28.8,29.39,28.7,29.03,29.0,3822067,111056863.07,shares,0
2018-05-30,28.76,29.92,27.5,28.3,29.03,5635166,163944633.58,shares,0
2018-05-31,28.7,28.96,27.28,27.93,28.3,4847977,135784767.54,shares,0
2018-06-01,27.6,28.08,26.5,26.69,27.93,4167700,113428476.0,shares,0
2018-06-04,26.89,28.1,26.52,27.41,26.69,4424297,121724065.71,shares,0
2018-06-05,27.42,28.2,27.42,28.12,27.41,3895349,108685417.96,shares,0
2018-06-06,28.03,28.27,27.68,28.08,28.12,3078160,85984066.4,shares,0
2018-06-07,28.25,28.4,27.74,27.76,28.08,2565607,71992103.78,shares,0
2018-06-08,27.8,28.13,27.0,28.09,27.76,3338080,92729131.8,shares,0
2018-06-11,27.93,28.18,27.35,27.43,28.09,2480540,68659254.8,shares,0
2018-06-12,22.7,23.49,22.53,23.24,22.85,3929337,90932780.87,shares,0
2018-06-13,23.15,23.49,20.92,22.51,23.24,4619500,105565326.84,shares,0
2018-06-14,22.48,22.83,22.03,22.48,22.51,3116031,70134794.78,shares,0
2018-06-15,22.62,22.79,21.16,22.3,22.48,3495414,77674439.52,shares,0
2018-06-19,21.76,22.81,20.07,21.35,22.3,5916394,126330276.82,shares,0
2018-06-20,21.5,21.98,20.82,21.67,21.35,4541936,97629921.85,shares,0
2018-06-21,21.67,21.88,20.63,20.8,21.67,4176111,88263655.63,shares,0
2018-06-22,20.8,21.17,20.66,20.8,20.8,2870149,60084057.75,shares,0
2018-06-25,21.01,21.35,20.6,20.8,20.8,2845149,59900147.65,shares,0
2018-06-26,20.5,21.68,20.48,21.4,20.8,4942820,105237425.74,shares,0
2018-06-27,22.0,22.1,21.5,21.64,21.4,4607751,100164280.64,shares,0
2018-06-28,21.62,22.08,21.49,21.6,21.64,3676573,80146458.05,shares,0
2018-06-29,21.55,22.96,21.55,22.8,21.6,6073201,135926827.71,shares,0
2018-07-02,22.5,22.95,21.9,22.38,22.8,5258521,118076860.55,shares,0
2018-07-03,22.38,24.0,22.15,23.45,22.38,7464510,172383758.2,shares,0
2018-07-04,23.1,23.29,22.32,22.43,23.45,5579673,127095111.35,shares,0
2018-07-05,22.4,22.96,21.5,21.51,22.43,4311765,95931567.49,shares,0
2018-07-06,21.56,22.88,21.52,22.13,21.51,6493729,144313697.95,shares,0
2018-07-09,22.13,22.88,22.01,22.67,22.13,4847617,109286652.52,shares,0
2018-07-10,22.67,23.78,22.58,23.1,22.67,5830083,134698075.69,shares,0
2018-07-11,22.48,23.15,22.0,22.8,23.1,4936148,111334552.15,shares,0
2018-07-12,23.37,25.08,23.13,25.08,22.8,16163705,397331869.15,shares,0
2018-07-13,25.0,25.12,24.44,24.5,25.08,13263213,327927773.11,shares,0
2018-07-16,24.48,25.22,24.45,24.66,24.5,9530346,236835488.2,shares,0
2018-07-17,24.46,25.18,24.44,25.08,24.66,8198617,204028548.79,shares,0
2018-07-18,25.09,25.29,24.3,24.3,25.08,7556233,186728115.92,shares,0
2018-07-19,24.15,24.47,23.74,23.84,24.3,5242227,125827955.71,shares,0
2018-07-20,23.81,24.97,23.8,24.46,23.84,7368942,180707686.03,shares,0
2018-07-23,24.1,25.05,24.09,24.92,24.46,6802595,168334483.42,shares,0
2018-07-24,25.2,25.45,24.62,24.96,24.92,8858691,221678108.18,shares,0
2018-07-25,24.69,25.7,24.68,25.02,24.96,7569849,190729841.05,shares,0
2018-07-26,24.65,24.73,23.88,23.98,25.02,6546031,158441371.09,shares,0
2018-07-27,23.98,24.5,23.75,24.05,23.98,3822414,92007221.16,shares,0
2018-07-30,24.1,24.1,22.81,22.97,24.05,4970357,115768615.4,shares,0
2018-07-31,22.83,23.29,22.28,22.9,22.97,3607251,82571210.19,shares,0
2018-08-01,22.97,23.49,22.5,22.65,22.9,3779088,87340794.79,shares,0
2018-08-02,22.65,22.74,21.3,22.14,22.65,4260935,93579397.16,shares,0
2018-08-03,21.95,22.16,21.33,21.5,22.14,3035575,66064552.02,shares,0
2018-08-06,21.41,21.84,21.18,21.56,21.5,3862045,83103649.35,shares,0
2018-08-07,21.65,22.45,21.45,22.36,21.56,4176426,91948986.55,shares,0
2018-08-08,22.15,22.36,21.6,21.72,22.36,3114984,68461561.51,shares,0
2018-08-09,21.72,22.99,21.65,22.69,21.72,5712743,129373283.39,shares,0
2018-08-10,22.71,22.97,22.46,22.88,22.69,4567108,103753119.38,shares,0
2018-08-13,22.42,23.85,22.31,23.6,22.88,6775253,156214092.89,shares,0
2018-08-14,23.34,23.5,23.01,23.15,23.6,4290976,99488432.24,shares,0
2018-08-15,23.18,23.38,22.56,22.6,23.15,3778766,86649187.84,shares,0
2018-08-16,22.3,22.85,21.75,22.1,22.6,3315018,73990403.02,shares,0
2018-08-17,22.45,22.67,21.73,21.73,22.1,2948221,65348863.53,shares,0
2018-08-20,21.79,22.79,21.52,22.65,21.73,3880683,85903923.1,shares,0
2018-08-21,22.61,22.85,22.26,22.6,22.65,3135230,70821422.03,shares,0
2018-08-22,22.6,22.76,22.0,22.04,22.6,2845731,63795278.61,shares,0
2018-08-23,21.99,22.87,21.98,22.57,22.04,3835314,86555980.78,shares,0
2018-08-24,22.28,22.53,21.96,22.05,22.57,3182752,70736006.26,shares,0
2018-08-27,22.16,22.78,22.16,22.66,22.05,3517667,79258093.0,shares,0
2018-08-28,22.62,22.97,22.55,22.73,22.66,3106279,70592017.6,shares,0
2018-08-29,22.73,22.75,22.15,22.21,22.73,2839054,63525346.28,shares,0
2018-08-30,22.15,22.47,21.84,21.9,22.21,2670806,59060186.98,shares,0
2018-08-31,21.83,22.49,21.78,21.93,21.9,3384808,74998250.08,shares,0
2018-09-03,21.9,22.08,20.8,21.59,21.93,4247897,90233325.85,shares,0
2018-09-04,21.4,21.9,21.15,21.66,21.59,4000204,85972400.16,shares,0
2018-09-05,21.62,22.42,21.18,22.07,21.66,6146030,134352709.49,shares,0
2018-09-06,22.2,24.28,22.07,23.13,22.07,14900297,348285668.03,shares,0
2018-09-07,22.8,23.2,22.1,22.36,23.13,10409582,236143358.21,shares,0
2018-09-10,22.1,22.1,21.05,21.05,22.36,5805633,124394156.87,shares,0
2018-09-11,20.92,21.43,20.91,21.21,21.05,3004327,63699909.56,shares,0
2018-09-12,21.24,21.48,21.1,21.18,21.21,2496881,53120924.81,shares,0
2018-09-13,21.5,21.54,21.01,21.32,21.18,2650926,56476325.68,shares,0
2018-09-14,21.38,21.5,20.8,20.86,21.32,2931103,61765179.62,shares,0
2018-09-17,20.8,22.06,20.5,21.1,20.86,2604250,55239753.53,shares,0
2018-09-18,20.9,21.47,20.9,21.43,21.1,2721681,58050754.5,shares,0
2018-09-19,21.46,22.18,21.36,21.83,21.43,5204416,113568832.13,shares,0
2018-09-20,21.8,21.85,21.37,21.48,21.83,2906173,62651565.06,shares,0
2018-09-21,21.55,21.66,21.17,21.57,21.48,2738808,58832202.46,shares,0
2018-09-25,21.56,21.98,21.39,21.68,21.57,2080416,45169880.8,shares,0
2018-09-26,21.55,21.96,21.43,21.64,21.68,2328702,50482571.12,shares,0
2018-09-27,21.5,21.93,21.3,21.32,21.64,2419633,52243567.41,shares,0
2018-09-28,21.32,21.66,21.15,21.48,21.32,1947280,41685068.09,shares,0
2018-10-08,20.9,21.06,20.58,20.6,21.48,2692838,56056712.7,shares,0
2018-10-09,20.75,20.93,20.53,20.76,20.6,1686946,34936328.25,shares,0
2018-10-10,20.79,21.32,20.53,21.15,20.76,2330444,48969270.43,shares,0
2018-10-11,20.5,21.1,19.47,19.68,21.15,4573869,92481253.62,shares,0
2018-10-12,19.57,19.88,17.8,18.77,19.68,4627075,86637383.96,shares,0
2018-10-15,18.91,19.07,18.15,18.18,18.77,2598838,48635743.07,shares,0
2018-10-16,18.18,18.5,16.48,17.03,18.18,3981563,69856239.22,shares,0
2018-10-17,17.36,17.78,16.8,17.63,17.03,3550153,61720523.07,shares,0
2018-10-18,17.5,17.52,16.86,16.92,17.63,2686380,46023982.24,shares,0
2018-10-19,16.6,17.5,16.51,17.44,16.92,3091651,53173033.49,shares,0
2018-10-22,17.61,18.49,17.61,18.18,17.44,4385541,79644597.29,shares,0
2018-10-23,18.28,18.5,18.0,18.06,18.18,3324083,60655620.85,shares,0
2018-10-24,17.95,18.41,17.8,18.11,18.06,2267444,41008408.99,shares,0
2018-10-25,17.4,17.63,16.9,17.52,18.11,3356642,58111418.11,shares,0
2018-10-26,17.67,18.0,17.53,17.64,17.52,2082403,36972460.58,shares,0
2018-10-29,17.7,17.92,17.29,17.77,17.64,2090712,36856026.62,shares,0
2018-10-30,17.62,18.0,17.0,17.79,17.77,2951427,52051361.04,shares,0
2018-10-31,17.86,18.32,17.86,18.03,17.79,2728613,49355838.11,shares,0
2018-11-01,18.9,19.12,18.11,18.22,18.03,4301411,79888895.9,shares,0
2018-11-02,18.68,18.8,18.39,18.74,18.22,3743671,69710111.11,shares,0
2018-11-05,18.7,18.98,18.3,18.57,18.74,3439293,64018391.55,shares,0
2018-11-06,18.5,18.5,18.05,18.4,18.57,2481147,45263052.62,shares,0
2018-11-07,18.4,18.76,18.36,18.4,18.4,3057593,56676052.26,shares,0
2018-11-08,18.52,18.62,18.06,18.06,18.4,1926695,35315126.69,shares,0
2018-11-09,18.08,18.93,18.0,18.52,18.06,5045019,93960374.97,shares,0
2018-12-03,20.37,20.37,20.37,20.37,18.52,745901,15194003.37,shares,0
2018-12-04,20.6,21.87,20.4,20.52,20.37,10371965,218861560.38,shares,0
2018-12-05,19.9,21.48,19.6,21.1,20.52,7701725,158444286.21,shares,0
2018-12-06,20.94,22.5,20.6,21.48,21.1,7478635,162489219.25,shares,0
2018-12-07,21.89,21.97,20.81,20.89,21.48,4734084,101292319.91,shares,0
2018-12-10,20.95,21.58,20.46,20.56,20.89,3699682,77499703.56,shares,0
2018-12-11,20.74,20.92,20.28,20.86,20.56,3431402,70754511.29,shares,0
2018-12-12,20.76,21.0,20.3,20.38,20.86,2680997,55020449.33,shares,0
2018-12-13,20.46,20.85,20.12,20.6,20.38,3277379,67439569.23,shares,0
2018-12-14,20.49,20.99,19.78,19.89,20.6,3784853,77474380.21,shares,0
2018-12-17,19.91,20.28,19.6,20.01,19.89,2505978,50153476.79,shares,0
2018-12-18,20.0,20.1,19.1,19.56,20.01,3152145,61577564.58,shares,0
2018-12-19,19.64,19.64,18.92,18.99,19.56,2422451,46483830.98,shares,0
2018-12-20,19.03,19.47,18.82,19.11,18.99,2152753,41228140.02,shares,0
2018-12-21,18.85,19.29,18.82,19.08,19.11,1681934,31991231.33,shares,0
2018-12-24,19.39,19.39,19.02,19.22,19.08,1855400,35567237.5,shares,0
2018-12-25,18.95,19.15,17.83,18.65,19.22,3162840,58340183.61,shares,0
2018-12-26,18.88,18.94,18.61,18.76,18.65,1902812,35774503.11,shares,0
2018-12-27,19.11,19.18,18.06,18.06,18.76,2109567,39306442.94,shares,0
2018-12-28,18.17,18.47,17.74,18.25,18.06,2053799,37305521.78,shares,0
2019-01-02,18.21,18.48,18.06,18.28,18.25,1375649,25156423.46,shares,0
2019-01-03,18.1,18.51,18.1,18.18,18.28,1636054,29956047.38,shares,0
2019-01-04,17.85,18.7,17.73,18.53,18.18,2403530,44153468.74,shares,0
2019-01-07,18.54,19.19,18.49,18.94,18.53,2721199,51459831.56,shares,0
2019-01-08,18.89,19.11,18.63,18.76,18.94,1893044,35662164.35,shares,0
2019-01-09,18.83,19.95,18.7,19.54,18.76,4769524,92595615.47,shares,0
2019-01-10,19.3,19.6,18.94,19.1,19.54,3024714,58259159.28,shares,0
2019-01-11,19.28,19.28,18.82,19.1,19.1,1823697,34668508.33,shares,0
2019-01-14,19.22,19.23,18.68,19.01,19.1,1568880,29644055.26,shares,0
2019-01-15,19.01,19.48,18.68,19.26,19.01,2711777,51952525.32,shares,0
2019-01-16,19.25,19.45,19.06,19.28,19.26,1949541,37578122.88,shares,0
2019-01-17,19.21,19.3,18.8,18.8,19.28,1743548,33106138.57,shares,0
2019-01-18,18.76,19.15,18.62,18.86,18.8,2136379,40239757.45,shares,0
2019-01-21,18.86,19.59,18.77,19.59,18.86,3722486,71743586.16,shares,0
2019-01-22,19.48,19.95,19.35,19.57,19.59,3334026,65411463.15,shares,0
2019-01-23,19.3,19.8,19.26,19.74,19.57,2196889,42841867.14,shares,0
2019-01-24,19.58,21.3,19.58,20.36,19.74,6547358,134690681.56,shares,0
2019-01-25,20.18,20.76,19.94,20.02,20.36,3673417,74854318.39,shares,0
2019-01-28,20.05,20.63,19.8,20.09,20.02,2954445,59677433.49,shares,0
2019-01-29,19.8,20.28,19.05,19.6,20.09,2703727,53173513.18,shares,0
2019-01-30,19.28,20.34,19.28,19.69,19.6,3100847,61984109.94,shares,0
2019-01-31,19.77,20.17,19.09,19.5,19.69,2824999,55586052.83,shares,0
2019-02-01,19.6,20.19,19.54,20.18,19.5,2587610,51656437.59,shares,0
2019-02-11,20.3,20.69,19.91,20.68,20.18,4187014,85216509.38,shares,0
2019-02-12,20.55,20.85,20.33,20.76,20.68,4115630,84705248.2,shares,0
2019-02-13,20.99,21.96,20.77,21.72,20.76,8049970,172839122.6,shares,0
2019-02-14,21.41,21.66,20.9,21.2,21.72,5695955,120628224.18,shares,0
2019-02-15,21.22,21.33,20.77,20.94,21.2,3524350,74301068.68,shares,0
2019-02-18,21.1,21.67,20.98,21.67,20.94,5978937,128140536.71,shares,0
2019-02-19,21.66,21.67,21.08,21.39,21.67,5143164,110125899.23,shares,0
2019-02-20,21.42,21.42,20.93,21.17,21.39,2983021,62963022.99,shares,0
2019-02-21,21.18,21.67,20.86,20.93,21.17,5693776,121435895.64,shares,0
2019-02-22,20.82,21.57,20.68,21.46,20.93,4467006,94556423.25,shares,0
2019-02-25,21.7,22.74,21.67,22.45,21.46,8277197,184011327.76,shares,0
2019-02-26,22.2,23.68,21.75,22.4,22.45,9964709,225307810.77,shares,0
2019-02-27,22.29,23.22,22.21,22.67,22.4,6599503,150128930.85,shares,0
2019-02-28,23.02,23.78,22.68,23.7,22.67,8408591,196347176.99,shares,0
2019-03-01,23.66,26.0,22.95,25.66,23.7,11542923,280000645.7,shares,0
2019-03-04,27.24,27.88,25.7,25.9,25.66,12728558,335693230.51,shares,0
2019-03-05,25.63,27.27,25.35,27.15,25.9,12093414,321747455.98,shares,0
2019-03-06,26.89,27.55,26.03,26.71,27.15,10107803,268728973.56,shares,0
2019-03-07,26.19,27.43,26.01,27.0,26.71,10026446,267664837.88,shares,0
2019-03-08,26.46,29.7,26.18,29.7,27.0,8926580,258191296.11,shares,0
2019-03-11,32.67,32.67,30.46,30.95,29.7,28982903,930359795.23,shares,0
2019-03-12,30.18,33.68,29.7,32.3,30.95,17285637,540794922.65,shares,0
2019-03-13,31.88,32.88,29.07,29.08,32.3,15580034,480657589.48,shares,0
2019-03-14,28.44,28.6,26.32,27.75,29.08,9974661,273479915.37,shares,0
2019-03-15,27.74,28.5,27.55,27.6,27.75,6876201,192736993.37,shares,0
2019-03-18,27.68,28.25,27.41,27.84,27.6,5840779,161838020.79,shares,0
2019-03-19,27.97,28.64,27.51,27.86,27.84,5477114,153543738.6,shares,0
2019-03-20,27.75,27.84,26.23,27.25,27.86,8376476,225667379.72,shares,0
2019-03-21,27.35,29.45,27.05,28.62,27.25,12116663,341094386.06,shares,0
2019-03-22,28.83,29.15,28.46,28.61,28.62,7393630,212179266.28,shares,0
2019-03-25,28.65,30.66,28.6,29.5,28.61,10111444,299211444.48,shares,0
2019-03-26,29.22,30.08,27.85,28.2,29.5,8018769,233190076.25,shares,0
2019-03-27,28.64,29.45,28.2,29.22,28.2,7091880,204415698.35,shares,0
2019-03-28,29.42,30.45,28.6,29.28,29.22,9222396,272872553.03,shares,0
2019-03-29,28.36,29.24,27.01,29.08,29.28,8573487,242847688.68,shares,0
2019-04-01,28.9,29.69,28.51,29.46,29.08,11593733,337771088.51,shares,0
2019-04-02,29.45,30.49,29.3,29.79,29.46,12047092,360937258.97,shares,0
2019-04-03,29.3,29.7,28.98,29.5,29.79,7216309,210929369.55,shares,0
2019-04-04,29.7,31.9,29.7,31.24,29.5,14252109,439599490.89,shares,0
2019-04-08,30.74,30.8,29.19,29.66,31.24,8576046,256733589.54,shares,0
2019-04-09,29.8,30.05,28.6,29.85,29.66,4129627,122092473.28,shares,0
2019-04-10,29.49,29.85,28.7,28.75,29.85,4905068,142582606.41,shares,0
2019-04-11,28.6,29.49,28.02,29.1,28.75,5916991,170705966.69,shares,0
2019-04-12,29.15,29.45,28.5,29.28,29.1,4334746,125644268.58,shares,0
2019-04-15,29.59,29.77,27.51,27.65,29.28,6265007,180479008.63,shares,0
2019-04-16,27.4,27.99,26.53,27.9,27.65,5636836,154170111.32,shares,0
2019-04-17,28.0,28.28,27.6,27.9,27.9,5054247,140861607.52,shares,0
2019-04-18,27.98,27.98,27.17,27.47,27.9,2764724,76231227.77,shares,0
2019-04-19,27.62,27.98,27.31,27.77,27.47,3225849,89452084.55,shares,0
2019-04-22,27.74,28.3,27.5,27.98,27.77,4378038,122189387.55,shares,0
2019-04-23,27.83,27.83,26.45,26.68,27.98,4829372,130257028.04,shares,0
2019-04-24,26.7,27.55,26.47,27.51,26.68,4231346,114740814.2,shares,0
2019-04-25,27.5,27.77,26.5,26.62,27.51,3480550,94955899.31,shares,0
2019-04-26,26.6,28.39,26.52,27.72,26.62,4726387,130728420.52,shares,0
2019-04-29,27.65,27.97,26.1,26.67,27.72,3103633,83690766.98,shares,0
2019-04-30,26.6,27.45,26.6,27.32,26.67,2234645,60707698.15,shares,0
2019-05-06,26.45,26.45,24.59,24.59,27.32,5008563,125140657.46,shares,0
2019-05-07,24.4,24.89,23.05,23.65,24.59,4628645,110615536.2,shares,0
2019-05-08,23.0,24.78,22.36,24.06,23.65,5643677,134679345.74,shares,0
2019-05-09,24.11,24.8,24.11,24.4,24.06,4766588,116851723.38,shares,0
2019-05-17,26.84,26.84,26.84,26.84,24.4,258954,6950325.36,shares,0
2019-05-20,29.52,29.52,29.52,29.52,26.84,650272,19196029.44,shares,0
2019-05-21,32.47,32.47,29.2,30.12,29.52,27370783,845933045.79,shares,0
2019-05-22,29.79,33.13,29.46,33.13,30.12,23588608,729942874.83,shares,0
2019-05-23,35.0,35.58,30.62,30.9,33.13,37396438,1264519917.4,shares,0
2019-05-24,28.0,29.28,27.81,27.81,30.9,23450390,667519435.1,shares,0
2019-05-27,27.3,29.6,26.66,29.12,27.78,20118186,576823436.42,shares,0
2019-05-28,28.77,31.7,28.37,29.83,29.12,21065404,620293626.46,shares,0
2019-05-29,29.32,32.35,29.02,30.88,29.83,20247969,625325244.44,shares,0
2019-05-30,30.23,30.48,28.03,29.39,30.88,16727254,487640979.91,shares,0
2019-05-31,29.23,31.51,29.05,30.75,29.39,19221370,581003004.03,shares,0
2019-06-03,31.2,31.3,29.4,29.6,30.75,12950319,390493795.18,shares,0
2019-06-04,28.82,29.55,27.76,28.17,29.6,11735835,335307241.52,shares,0
2019-06-05,28.62,29.16,27.29,28.04,28.17,10244814,290096231.29,shares,0
2019-06-06,27.75,27.93,26.6,26.62,28.04,8416046,229905090.35,shares,0
2019-06-10,26.71,27.46,26.71,26.91,26.62,5451799,147394849.28,shares,0
2019-06-11,27.02,28.5,26.5,28.44,26.91,9835034,272548671.39,shares,0
2019-06-12,28.06,29.41,28.01,29.05,28.44,13944740,400788733.59,shares,0
2019-06-13,28.79,29.19,28.26,28.4,29.05,7632549,218351261.76,shares,0
2019-06-14,28.5,28.97,27.28,27.5,28.4,6639805,187332196.85,shares,0
2019-06-17,27.15,27.75,26.8,27.33,27.5,4695117,127763380.79,shares,0
2019-06-18,27.33,27.33,26.64,26.66,27.33,4465767,119971764.45,shares,0
2019-06-19,27.38,27.95,27.14,27.16,26.66,7068617,194644482.75,shares,0
2019-06-20,27.0,27.72,26.72,27.42,27.16,5532191,150796696.59,shares,0
2019-06-21,28.71,29.68,28.26,28.48,27.42,11871980,342851806.33,shares,0
2019-06-24,28.67,29.06,28.38,28.66,28.48,5696635,163172605.12,shares,0
2019-06-25,28.68,28.68,27.27,27.52,28.66,5757328,159643664.82,shares,0
2019-06-26,27.34,27.86,27.11,27.5,27.52,3197435,88247216.55,shares,0
2019-06-27,27.5,28.88,27.45,28.88,27.5,9591320,272471961.23,shares,0
2019-06-28,28.6,28.75,27.45,27.82,28.88,6248887,174844634.86,shares,0
2019-07-01,28.61,29.38,28.21,29.27,27.82,10210765,295701367.59,shares,0
2019-07-02,28.94,30.27,28.81,29.23,29.27,9983579,293737738.24,shares,0
2019-07-03,29.48,29.91,28.9,29.6,29.23,7471743,219644255.33,shares,0
2019-07-04,29.65,29.71,28.52,28.73,29.6,5472506,158462096.24,shares,0
2019-07-05,28.85,29.47,28.77,29.16,28.73,4789962,139985242.14,shares,0
2019-07-08,29.1,29.1,27.25,28.05,29.16,6440541,180736778.81,shares,0
2019-07-09,27.98,28.45,27.63,28.45,28.05,3635492,102245513.44,shares,0
2019-07-10,28.45,28.92,28.27,28.53,28.45,3711035,106159349.6,shares,0
2019-07-11,29.8,30.1,28.92,29.26,28.53,10308169,304664865.11,shares,0
2019-07-12,29.52,30.86,29.32,30.78,29.26,13256831,400384743.1,shares,0
2019-07-15,30.18,31.42,29.7,30.8,30.78,11516016,352499098.21,shares,0
2019-07-16,30.4,31.63,30.31,31.06,30.8,9088431,281171809.62,shares,0
2019-07-17,32.01,34.17,31.38,32.8,31.06,16043487,524808098.74,shares,0
2019-07-18,32.1,32.4,31.45,31.73,32.8,9758575,310670246.36,shares,0
2019-07-19,31.93,31.98,30.68,31.02,31.73,8257035,258467723.64,shares,0
2019-07-22,31.33,31.94,29.95,31.57,31.02,8453022,262891857.17,shares,0
2019-07-23,32.0,32.96,31.67,32.37,31.57,8616443,279005010.65,shares,0
2019-07-24,32.24,33.32,32.18,32.58,32.37,8936366,293692317.11,shares,0
2019-07-25,32.6,34.25,32.6,33.58,32.58,11084066,371780381.52,shares,0
2019-07-26,33.4,34.2,32.66,32.93,33.58,8271431,275234919.05,shares,0
2019-07-29,33.0,33.76,32.8,33.42,32.93,6361590,211410503.36,shares,0
2019-07-30,33.18,33.53,32.32,32.39,33.42,8350571,274276164.79,shares,0
2019-07-31,32.25,33.3,32.13,32.75,32.39,6187991,203688218.35,shares,0
2019-08-01,32.51,33.2,32.17,33.1,32.75,5956392,195446156.67,shares,0
2019-08-02,32.7,36.41,32.31,36.41,33.1,20751013,741310098.55,shares,0
2019-08-05,37.3,40.05,36.78,37.51,36.41,24009506,913264823.37,shares,0
2019-08-06,36.23,38.9,35.52,37.99,37.51,18721878,697080618.59,shares,0
2019-08-07,37.8,39.3,37.18,38.58,37.99,16792098,643801394.26,shares,0
2019-08-08,38.01,39.0,37.3,38.69,38.58,13175430,501900143.22,shares,0
2019-08-09,38.9,39.9,36.78,37.51,38.69,15147422,581138977.98,shares,0
2019-08-12,37.71,39.97,36.81,39.97,37.51,14155445,544852761.49,shares,0
2019-08-13,39.18,39.48,37.89,38.48,39.97,11319513,438619592.45,shares,0
2019-08-14,39.25,40.66,37.96,37.99,38.48,13968334,551789881.1,shares,0
2019-08-15,36.1,38.94,36.05,38.45,37.99,11131888,416866660.49,shares,0
2019-08-16,38.4,39.0,37.73,37.8,38.45,8528443,325705353.47,shares,0
2019-08-19,38.36,40.18,37.68,39.6,37.8,14219525,557121446.02,shares,0
2019-08-20,39.29,42.8,38.99,42.35,39.6,16518829,679480473.18,shares,0
2019-08-21,41.8,43.65,41.04,42.55,42.35,12683389,535597171.82,shares,0
2019-08-22,42.21,44.48,42.21,42.96,42.55,9694170,418727187.03,shares,0
2019-08-23,42.95,43.41,41.58,42.08,42.96,8506853,360174600.85,shares,0
2019-08-26,41.75,43.45,41.42,41.91,42.08,9135471,386844036.66,shares,0
2019-08-27,42.5,45.89,42.1,45.5,41.91,12868125,569962267.1,shares,0
2019-08-28,45.02,45.3,43.8,44.11,45.5,9886037,439588823.73,shares,0
2019-08-29,44.47,47.18,43.85,47.11,44.11,13085617,600902009.26,shares,0
2019-08-30,47.1,48.8,45.5,46.22,47.11,13950166,657528180.99,shares,0
2019-09-02,46.21,50.84,46.21,50.84,46.22,16142863,793987743.42,shares,0
2019-09-03,51.25,55.8,50.8,53.2,50.84,14756397,777156819.23,shares,0
2019-09-04,53.79,58.2,52.04,58.18,53.2,15013428,816079179.78,shares,0
2019-09-05,57.0,62.77,55.98,58.82,58.18,16219119,963403718.13,shares,0
2019-09-06,58.11,59.88,56.12,58.38,58.82,13273156,767757716.67,shares,0
2019-09-09,59.4,61.23,58.0,61.1,58.38,12645537,758196150.12,shares,0
2019-09-10,60.1,63.48,57.77,57.77,61.1,16705642,1009677466.01,shares,0
2019-09-11,58.05,59.35,56.23,57.3,57.77,14193529,818171420.55,shares,0
2019-09-12,58.0,58.0,53.44,54.81,57.3,18488526,1022351061.7,shares,0
2019-09-16,55.5,56.3,54.78,55.74,54.81,12153785,676883221.08,shares,0
2019-09-17,55.25,56.27,54.2,54.66,55.74,9642997,532007227.65,shares,0
2019-09-18,55.5,56.68,53.02,55.02,54.66,12005781,660339838.07,shares,0
2019-09-19,54.89,57.55,54.0,56.94,55.02,14482586,817765155.66,shares,0
2019-09-20,56.5,61.63,56.14,59.97,56.94,20129723,1187660699.88,shares,0
2019-09-23,60.9,63.15,60.0,62.53,59.97,14403110,887559194.74,shares,0
2019-09-24,61.59,63.48,57.55,58.96,62.53,14333238,874889783.36,shares,0
2019-09-25,58.3,59.8,53.06,53.72,58.96,16942148,939593201.91,shares,0
2019-09-26,54.11,54.46,49.82,50.9,53.72,12182090,632429222.4,shares,0
2019-09-27,50.84,52.39,50.11,51.28,50.9,9634598,494923723.61,shares,0
2019-09-30,51.07,51.47,46.5,49.4,51.28,9353900,464416367.11,shares,0
2019-10-08,50.31,51.6,48.22,49.11,49.4,7017185,350431498.52,shares,0
2019-10-09,49.0,50.4,48.01,50.0,49.11,7084700,350596959.41,shares,0
2019-10-10,49.9,51.16,49.1,50.92,50.0,7881092,398120221.87,shares,0
2019-10-11,51.06,51.32,49.22,49.71,50.92,7105750,354885971.89,shares,0
2019-10-14,51.0,53.48,50.22,53.11,49.71,12419493,643568947.31,shares,0
2019-10-15,51.95,52.8,50.8,51.91,53.11,8001348,414038644.68,shares,0
2019-10-16,51.99,52.3,50.6,50.63,51.91,5317917,272952996.72,shares,0
2019-10-17,50.89,51.05,49.83,49.99,50.63,4281491,215669438.29,shares,0
2019-10-18,50.29,50.66,48.11,48.92,49.99,5280215,260448487.94,shares,0
2019-10-21,49.12,49.87,47.84,49.36,48.92,4081274,199804243.25,shares,0
2019-10-22,49.75,50.69,49.22,50.04,49.36,5138058,256397079.64,shares,0
2019-10-23,49.6,50.49,48.51,48.58,50.04,5269799,261392080.47,shares,0
2019-10-24,48.86,49.3,48.3,48.72,48.58,4185934,204533275.19,shares,0
2019-10-25,48.86,50.2,47.85,50.05,48.72,5306875,261782210.8,shares,0
2019-10-28,50.7,52.0,50.23,51.59,50.05,7580060,388284269.18,shares,0
2019-10-29,51.79,51.79,48.9,48.9,51.59,6625906,331526270.76,shares,0
2019-10-30,48.9,52.31,48.21,50.67,48.9,8647629,438524241.56,shares,0
2019-10-31,50.5,52.5,50.04,51.8,50.67,9316967,480500235.78,shares,0
2019-11-01,51.98,54.6,51.83,53.85,51.8,10945010,587728764.0,shares,0
2019-11-04,53.86,56.48,52.91,55.38,53.85,10801941,588846816.91,shares,0
2019-11-05,55.0,56.51,53.9,55.26,55.38,9581224,529540085.54,shares,0
2019-11-06,54.9,55.78,53.01,53.66,55.26,7728600,419757997.76,shares,0
2019-11-07,54.6,58.99,54.4,58.65,53.66,12523731,710174456.06,shares,0
2019-11-08,58.5,59.95,57.33,59.22,58.65,10661661,626068502.26,shares,0
2019-11-11,59.25,60.18,57.35,59.09,59.22,7173323,423627177.42,shares,0
2019-11-12,58.5,59.08,54.75,55.87,59.09,9649784,541102213.95,shares,0
2019-11-13,55.98,61.46,55.8,60.93,55.87,13798017,825621879.43,shares,0
2019-11-15,60.93,67.02,59.06,67.02,60.93,11480205,739774231.71,shares,0
2019-11-18,67.76,71.48,61.11,62.71,67.02,20285013,1331279390.44,shares,0
2019-11-19,63.38,64.98,62.59,63.77,62.71,10935698,695712190.83,shares,0
2019-11-20,63.02,63.75,60.77,61.17,63.77,10849791,672751436.6,shares,0
2019-11-21,60.81,60.89,59.49,60.21,61.17,7112535,428234596.98,shares,0
2019-11-22,60.55,64.98,60.25,61.17,60.21,14241557,888015204.07,shares,0
2019-11-25,61.2,61.25,56.02,56.91,61.17,10090221,584240330.61,shares,0
2019-11-26,57.44,58.48,56.37,56.9,56.91,5793860,332069405.31,shares,0
2019-11-27,57.1,62.24,57.0,61.69,56.9,13707616,827499167.77,shares,0
2019-11-28,60.5,64.2,60.4,62.68,61.69,11850438,741380346.39,shares,0
2019-11-29,62.9,64.57,62.17,63.12,62.68,10215572,647453885.22,shares,0
2019-12-02,62.94,66.58,62.0,65.29,63.12,10610110,690613717.0,shares,0
2019-12-03,64.5,70.5,64.18,70.13,65.29,13221580,890614751.01,shares,0
2019-12-04,69.1,71.71,68.55,69.01,70.13,11717843,818652685.22,shares,0
2019-12-05,69.4,75.91,68.46,70.75,69.01,18214785,1316271578.68,shares,0
2019-12-06,71.38,77.83,70.11,77.83,70.75,18738873,1387731991.62,shares,0
2019-12-09,77.89,82.8,76.3,78.9,77.83,19145532,1515103050.3,shares,0
2019-12-10,78.87,86.6,77.03,85.5,78.9,17147859,1409526728.71,shares,0
2019-12-11,83.5,88.3,83.23,83.77,85.5,14472259,1232696869.23,shares,0
2019-12-12,84.19,92.1,84.19,90.73,83.77,16213991,1428964237.15,shares,0
2019-12-13,91.0,93.06,88.0,92.67,90.73,15606626,1418305931.06,shares,0
2019-12-16,92.91,95.68,86.0,90.13,92.67,21014892,1895727073.9,shares,0
2019-12-17,88.11,89.0,85.5,87.0,90.13,16595356,1445846355.56,shares,0
2019-12-18,86.99,95.3,86.81,94.63,87.0,21721626,1989575934.77,shares,0
2019-12-19,92.6,93.77,86.5,86.5,94.63,16084699,1423663486.77,shares,0
2019-12-20,86.92,88.8,85.0,86.0,86.5,8693861,757620526.05,shares,0
2019-12-23,80.5,84.47,80.4,81.35,86.0,9863626,809839713.91,shares,0
2019-12-24,82.7,87.86,82.7,86.53,81.35,12020108,1028789615.65,shares,0
2019-12-25,87.44,93.13,87.11,91.75,86.53,13333143,1211876446.36,shares,0
2019-12-26,90.27,91.46,87.56,90.19,91.75,9935648,886699315.54,shares,0
2019-12-27,90.0,90.26,85.5,85.8,90.19,8999742,785972554.25,shares,0
2019-12-30,84.47,86.55,78.12,84.76,85.8,8568933,711889128.37,shares,0
2019-12-31,85.38,89.5,85.01,87.15,84.76,8956131,782097863.16,shares,0
2020-01-02,87.7,91.61,86.5,88.99,87.15,11096822,993788756.18,shares,0
2020-01-03,88.92,89.88,84.8,85.12,88.99,11168930,963659684.29,shares,0
2020-01-06,82.73,86.7,82.1,84.35,85.12,7236985,612188171.14,shares,0
2020-01-07,85.0,85.8,81.5,83.39,84.35,9360887,776275466.12,shares,0
2020-01-08,82.77,84.35,82.0,82.7,83.39,6616726,549682898.73,shares,0
2020-01-09,83.66,85.5,82.05,84.86,82.7,8582517,721239787.77,shares,0
2020-01-10,84.01,91.51,84.0,89.44,84.86,15501573,1363586378.32,shares,0
2020-01-13,89.0,94.66,87.07,93.7,89.44,14673955,1345551719.02,shares,0
2020-01-14,93.77,93.8,89.18,89.6,93.7,10459032,950365799.19,shares,0
2020-01-15,88.59,91.4,87.86,90.33,89.6,7204129,648859668.88,shares,0
2020-01-16,89.02,95.3,89.02,93.21,90.33,11963771,1106216846.3,shares,0
2020-01-17,92.7,93.0,89.1,89.32,93.21,9006914,817873802.96,shares,0
2020-01-20,87.0,96.86,87.0,96.13,89.32,14134136,1307266074.65,shares,0
2020-01-21,95.0,105.74,93.5,103.23,96.13,18327674,1832061014.66,shares,0
2020-01-22,102.0,109.0,100.0,105.55,103.23,15156642,1580774424.93,shares,0
2020-01-23,102.91,108.66,98.88,101.78,105.55,13344689,1381729173.29,shares,0
2020-02-03,91.6,91.6,91.6,91.6,101.78,1075800,98543280.0,shares,0
2020-02-04,82.88,96.8,82.88,95.0,91.6,15585752,1437428900.88,shares,0
2020-02-05,95.95,98.37,93.5,93.91,95.0,13066349,1246142548.46,shares,0
2020-02-06,91.48,95.1,90.23,93.45,93.91,10057309,932946298.57,shares,0
2020-02-07,93.48,102.79,93.46,100.73,93.45,12837877,1270791563.44,shares,0
2020-02-10,99.0,103.39,90.76,98.18,100.73,10958718,1077682455.93,shares,0
2020-02-11,97.18,104.0,97.18,100.09,98.18,9821893,996792652.67,shares,0
2020-02-12,99.5,102.68,97.36,101.68,100.09,9421110,944121272.19,shares,0
2020-02-13,103.22,111.85,103.0,111.85,101.68,16947533,1853095997.88,shares,0
2020-02-14,113.0,115.48,107.0,112.88,111.85,15117167,1690615478.63,shares,0
2020-02-17,111.99,116.0,111.98,115.1,112.88,11128593,1267365602.97,shares,0
2020-02-18,115.0,125.58,112.98,123.62,115.1,12165948,1438417932.79,shares,0
2020-02-19,120.0,133.5,117.89,125.31,123.62,12510382,1575226944.53,shares,0
2020-02-20,126.3,132.38,122.88,129.23,125.31,10083047,1289551157.84,shares,0
2020-02-21,128.5,131.46,126.1,128.18,129.23,10143349,1303855372.08,shares,0
2020-02-24,129.0,138.99,128.56,137.64,128.18,9189547,1223035100.27,shares,0
2020-02-25,133.0,141.26,126.0,137.4,137.64,11842842,1606105695.36,shares,0
2020-02-26,134.5,142.26,126.92,127.2,137.4,11414082,1547693950.25,shares,0
2020-02-27,130.0,131.68,121.57,126.28,127.2,9519913,1204014365.81,shares,0
2020-02-28,119.6,125.0,113.65,117.77,126.28,11032235,1296619752.86,shares,0
2020-03-02,122.95,123.0,113.27,116.7,117.77,8951535,1053246368.46,shares,0
2020-03-03,119.0,126.55,117.1,120.04,116.7,9775639,1187189982.3,shares,0
2020-03-04,118.0,118.3,108.2,112.12,120.04,8892120,1001682203.99,shares,0
2020-03-05,114.65,115.0,107.13,113.2,112.12,8340826,930612518.1,shares,0
2020-03-06,110.02,112.57,107.83,110.03,113.2,5152915,568060772.56,shares,0
2020-03-09,106.59,108.0,100.0,100.38,110.03,8424193,873916603.78,shares,0
2020-03-10,100.87,110.3,100.87,110.11,100.38,10269338,1093432592.06,shares,0
2020-03-11,111.46,112.58,104.01,105.0,110.11,8261890,896021849.74,shares,0
2020-03-12,101.6,108.6,101.6,105.99,105.0,5614864,593199058.84,shares,0
2020-03-13,100.69,110.3,100.69,108.38,105.99,7980150,859345949.54,shares,0
2020-03-16,108.39,109.75,98.55,100.2,108.38,8548559,889879218.09,shares,0
2020-03-17,103.5,103.97,92.2,99.5,100.2,6580298,648975397.97,shares,0
2020-03-18,101.3,102.48,94.7,95.3,99.5,7672071,758613203.02,shares,0
2020-03-19,96.46,98.33,92.21,97.1,95.3,6929056,664608532.25,shares,0
2020-03-20,98.73,99.2,92.29,93.5,97.1,6581428,623764096.86,shares,0
2020-03-23,90.65,93.0,84.47,85.09,93.5,7338703,645322057.4,shares,0
2020-03-24,87.76,88.71,81.61,86.89,85.09,8333143,713312168.4,shares,0
2020-03-25,89.3,93.79,88.8,91.35,86.89,8422533,768646134.23,shares,0
2020-03-26,90.44,94.2,88.02,90.6,91.35,5785286,530744486.39,shares,0
2020-03-27,93.19,93.39,88.68,88.79,90.6,4667622,423972187.34,shares,0
2020-03-30,86.09,88.6,82.33,86.0,88.79,6338252,538456181.66,shares,0
2020-03-31,87.92,89.01,85.04,85.83,86.0,4886762,425068126.04,shares,0
2020-04-01,84.26,91.24,84.01,87.67,85.83,6841810,605104007.79,shares,0
2020-04-02,87.3,96.44,87.17,96.44,87.67,11502445,1075073995.65,shares,0
2020-04-03,96.0,98.99,94.78,96.49,96.44,10045027,973501583.29,shares,0
2020-04-07,99.9,100.35,96.26,97.28,96.49,9075883,886250031.15,shares,0
2020-04-08,96.39,98.79,95.1,95.66,97.28,6316854,609068779.69,shares,0
2020-04-09,96.53,96.92,93.57,94.24,95.66,4572545,431995694.57,shares,0
2020-04-10,94.91,95.0,88.88,89.25,94.24,6005661,547862533.84,shares,0
2020-04-13,87.0,89.5,85.5,86.25,89.25,5400388,469944369.84,shares,0
2020-04-14,88.02,89.77,86.88,89.37,86.25,5196740,457441975.87,shares,0
2020-04-15,89.0,93.18,88.01,89.5,89.37,7540658,683559799.63,shares,0
2020-04-16,88.03,90.99,86.55,90.85,89.5,5633325,503840140.43,shares,0
2020-04-17,91.99,96.26,91.99,93.43,90.85,9113516,858097984.31,shares,0
2020-04-20,93.0,94.72,91.77,94.17,93.43,5282596,493541569.92,shares,0
2020-04-21,93.01,93.2,88.0,89.58,94.17,8066737,726809332.9,shares,0
2020-04-22,88.2,90.74,87.73,89.2,89.58,5257840,468216301.36,shares,0
2020-04-23,89.52,91.08,88.2,89.0,89.2,5851660,524123103.77,shares,0
2020-04-24,88.56,89.84,84.51,85.14,89.0,5813924,501823856.38,shares,0
2020-04-27,85.15,86.3,82.78,85.59,85.14,4169442,352760313.65,shares,0
2020-04-28,85.6,91.15,83.0,89.4,85.59,10302124,913931435.84,shares,0
2020-04-29,88.19,89.4,85.5,85.8,89.4,6534954,570137431.33,shares,0
2020-04-30,87.45,94.3,87.0,93.18,85.8,10614609,968726455.69,shares,0
2020-05-06,92.21,99.99,92.21,99.4,93.18,12245688,1181059398.65,shares,0
2020-05-07,100.39,100.39,95.15,95.93,99.4,9873479,957743089.86,shares,0
2020-05-08,96.9,99.2,95.95,96.74,95.93,7327505,712893271.71,shares,0
2020-05-11,97.19,98.86,94.86,96.64,96.74,6260422,607152509.95,shares,0
2020-05-12,96.69,98.36,94.01,98.34,96.64,6554154,634435391.83,shares,0
2020-05-13,97.3,98.98,95.9,96.91,98.34,5268584,510840077.09,shares,0
2020-05-14,96.48,97.69,95.8,95.84,96.91,4778909,461534596.71,shares,0
2020-05-15,96.6,103.41,95.25,101.01,95.84,11816801,1183373791.31,shares,0
2020-05-18,103.5,105.94,98.0,98.28,101.01,10999782,1115339184.08,shares,0
2020-05-19,98.6,108.11,98.6,108.11,98.28,16585433,1767357578.48,shares,0
2020-05-20,106.01,110.51,104.81,108.2,108.11,14694800,1578632875.42,shares,0
2020-05-21,108.0,108.0,104.0,105.0,108.2,8192962,862458707.94,shares,0
2020-05-22,105.9,105.95,97.67,98.9,105.0,8462289,855156345.13,shares,0
2020-05-25,98.0,98.42,92.68,94.63,98.9,7114475,680351494.45,shares,0
2020-05-26,94.81,96.95,94.81,96.36,94.63,6152817,589772953.02,shares,0
2020-05-27,95.5,96.21,92.0,92.0,96.36,6334800,591033673.93,shares,0
2020-05-28,92.33,93.8,88.52,91.61,92.0,5450473,495730311.92,shares,0
2020-05-29,90.5,92.26,89.06,91.09,91.61,3646414,331818343.11,shares,0
2020-06-01,92.65,96.15,92.39,95.16,91.09,6048352,572714618.15,shares,0
2020-06-02,95.8,95.94,93.51,95.0,95.16,4712561,445414754.87,shares,0
2020-06-03,95.4,99.49,94.54,96.72,95.0,7379139,717239846.19,shares,0
2020-06-04,96.89,97.3,94.61,94.98,96.72,3979376,380088907.39,shares,0
2020-06-05,95.99,100.72,95.95,98.6,94.98,8084316,798058490.66,shares,0
2020-06-08,98.77,100.31,97.8,98.1,98.6,5408763,535944219.79,shares,0
2020-06-09,97.99,102.25,96.08,101.2,98.1,7333674,731416159.2,shares,0
2020-06-10,100.72,104.18,98.77,102.03,101.2,6432800,652945475.95,shares,0
2020-06-11,101.51,104.0,99.89,101.64,102.03,6999882,710857721.87,shares,0
2020-06-12,98.02,103.3,97.45,101.95,101.64,6439293,651360665.89,shares,0
2020-06-15,99.8,100.98,95.89,95.98,101.95,6600827,650102792.35,shares,0
2020-06-16,97.64,99.1,96.18,97.36,95.98,3855217,375145061.27,shares,0
2020-06-17,97.19,97.74,94.5,95.48,97.36,3637261,347407044.11,shares,0
2020-06-18,94.94,96.78,94.5,96.36,95.48,3546731,340623021.85,shares,0
2020-06-19,96.6,101.0,95.73,99.99,96.36,7978278,788844929.49,shares,0
2020-06-22,100.81,107.96,100.65,104.9,99.99,9749695,1025244245.47,shares,0
2020-06-23,104.01,105.99,103.7,104.73,104.9,6864885,720228816.28,shares,0
2020-06-24,105.73,106.8,103.9,104.17,104.73,7454735,783992197.92,shares,0
2020-06-29,103.0,104.5,99.19,99.95,104.17,7570871,764284686.45,shares,0
2020-06-30,101.21,103.5,99.97,100.94,99.95,6447907,655736590.94,shares,0
2020-07-01,101.61,104.36,100.1,102.37,100.94,6624955,677063285.13,shares,0
2020-07-02,101.91,104.28,100.02,103.86,102.37,8467322,871520752.73,shares,0
2020-07-03,104.0,104.3,100.28,102.64,103.86,7915117,807931003.32,shares,0
2020-07-06,102.12,110.91,102.12,110.4,102.64,12178692,1308254091.47,shares,0
2020-07-07,110.5,117.18,110.5,111.87,110.4,12636737,1442922994.47,shares,0
2020-07-08,110.01,115.26,109.7,114.44,111.87,8502566,964249661.15,shares,0
2020-07-09,114.0,123.0,114.0,122.6,114.44,12033221,1439911783.72,shares,0
2020-07-10,120.9,127.99,118.45,125.62,122.6,11545448,1442251876.5,shares,0
2020-07-13,125.1,128.0,121.6,127.2,125.62,8660406,1084292502.15,shares,0
2020-07-14,125.1,126.88,117.3,120.64,127.2,9592391,1172325665.38,shares,0
2020-07-15,121.84,122.04,110.47,111.17,120.64,9524921,1094668055.86,shares,0
2020-07-16,107.15,107.9,100.05,100.05,111.17,12485146,1276556403.07,shares,0
2020-07-17,98.0,100.5,95.05,95.9,100.05,7524609,732518774.92,shares,0
2020-07-20,98.35,98.35,90.21,94.95,95.9,11109316,1030575611.93,shares,0
2020-07-21,93.65,96.0,92.33,94.77,94.95,7025947,660026170.1,shares,0
2020-07-22,94.6,97.57,93.22,95.28,94.77,7410690,707871292.1,shares,0
2020-07-23,94.01,95.27,90.83,92.79,95.28,5968998,551923138.75,shares,0
2020-07-24,92.46,93.79,85.0,86.53,92.79,6413752,575362297.0,shares,0
2020-07-27,87.0,90.5,86.98,89.75,86.53,5483352,489531472.62,shares,0
2020-07-28,91.14,91.5,88.58,89.36,89.75,3538661,317120596.04,shares,0
2020-07-29,89.99,92.36,89.35,92.26,89.36,4645674,424480767.25,shares,0
2020-07-30,92.94,93.87,89.96,90.51,92.26,4605361,420684621.63,shares,0
2020-07-31,91.0,92.49,90.05,91.4,90.51,4566556,416855496.03,shares,0
2020-08-03,93.0,97.0,92.4,95.88,91.4,7034567,666335571.06,shares,0
2020-08-04,96.1,96.49,92.86,93.56,95.88,4731342,443966051.13,shares,0
2020-08-05,99.97,99.97,94.65,94.93,93.56,6687209,645206736.39,shares,0
2020-08-06,94.1,94.7,92.0,93.27,94.93,4803717,447760721.17,shares,0
2020-08-07,92.78,92.88,89.0,90.15,93.27,4770420,431087781.45,shares,0
2020-08-10,89.1,91.5,89.01,90.23,90.15,2998916,269960886.1,shares,0
2020-08-11,90.3,91.12,88.08,88.3,90.23,2973425,266339063.93,shares,0
2020-08-12,88.5,88.8,85.01,87.39,88.3,3461855,298853820.98,shares,0
2020-08-13,88.12,91.09,88.11,90.01,87.39,4267590,384631776.42,shares,0
2020-08-14,90.02,90.67,88.08,89.9,90.01,2681018,239659555.46,shares,0
2020-08-17,90.79,91.58,89.34,91.25,89.9,3603080,326610762.66,shares,0
2020-08-18,91.19,92.8,90.35,91.27,91.25,3501850,321520692.89,shares,0
2020-08-19,90.85,90.89,87.0,87.79,91.27,3802346,336344560.0,shares,0
2020-08-20,86.75,88.45,85.45,87.75,87.79,2040047,178729112.86,shares,0
2020-08-21,88.24,89.01,87.6,88.71,87.75,2368809,208989340.72,shares,0
2020-08-24,88.6,92.76,88.0,91.57,88.71,4940174,450281389.77,shares,0
2020-08-25,91.87,91.94,90.18,90.63,91.57,3044566,276866547.15,shares,0
2020-08-26,90.0,90.49,86.12,86.99,90.63,3626623,318613789.22,shares,0
2020-08-27,86.35,90.81,86.35,89.35,86.99,3415497,303686484.53,shares,0
2020-08-28,88.7,89.6,87.0,88.6,89.35,2536390,223105469.08,shares,0
2020-08-31,89.58,89.59,87.74,87.77,88.6,2362609,209329311.1,shares,0
2020-09-01,87.06,88.12,86.53,88.09,87.77,2041216,177879512.22,shares,0
2020-09-02,88.1,89.36,87.3,88.4,88.09,2540270,224467041.3,shares,0
2020-09-03,88.29,92.37,87.2,90.69,88.4,4435516,399516108.33,shares,0
2020-09-04,90.2,94.99,89.89,93.09,90.69,6372175,594171973.0,shares,0
2020-09-07,92.5,94.58,90.5,90.9,93.09,4753286,438611414.06,shares,0
2020-09-08,90.67,90.67,87.45,87.87,90.9,3690884,326064105.14,shares,0
2020-09-09,86.92,86.92,79.1,83.79,87.87,4715803,392204319.09,shares,0
2020-09-10,85.5,85.99,82.01,82.25,83.79,2580885,215980261.54,shares,0
2020-09-11,81.21,83.31,80.97,82.89,82.25,1727432,142312785.81,shares,0
2020-09-14,83.51,84.97,82.51,83.75,82.89,1649111,138378114.43,shares,0
2020-09-15,81.59,83.8,77.0,82.53,83.75,3642782,293247757.62,shares,0
2020-09-16,81.73,83.86,81.38,81.7,82.53,2074840,171293102.96,shares,0
2020-09-17,81.81,85.04,81.81,83.98,81.7,3108894,259589803.82,shares,0
2020-09-18,83.94,84.74,83.03,83.26,83.98,2084381,174727752.28,shares,0
2020-09-21,83.98,84.65,82.54,82.76,83.26,1883615,157360883.44,shares,0
2020-09-22,82.0,83.77,81.11,82.1,82.76,1629461,134682534.4,shares,0
2020-09-23,82.45,83.3,81.55,83.1,82.1,1665865,137393835.49,shares,0
2020-09-24,82.79,83.35,80.96,80.97,83.1,1602386,131598405.41,shares,0
2020-09-25,81.64,81.96,78.24,78.68,80.97,1901640,151192071.11,shares,0
2020-09-28,78.5,79.1,74.1,75.1,78.68,3122222,236184622.1,shares,0
2020-09-29,75.6,79.9,75.52,78.35,75.1,2644082,207033930.37,shares,0
2020-09-30,79.57,79.57,77.11,77.68,78.35,1331094,103816231.28,shares,0
2020-10-09,79.53,80.07,77.88,78.43,77.68,1817438,143481935.22,shares,0
2020-10-12,79.09,83.99,78.59,83.99,78.43,3664596,300839298.06,shares,0
2020-10-13,84.05,84.6,83.1,83.25,83.99,1879445,157302153.98,shares,0
2020-10-14,83.58,83.58,80.7,81.17,83.25,2157621,175365978.78,shares,0
2020-10-15,81.35,81.95,80.32,80.71,81.17,1294172,105051452.2,shares,0
2020-10-16,80.71,81.3,78.4,78.9,80.71,1555654,123563960.96,shares,0
2020-10-19,79.56,80.42,78.6,78.72,78.9,1241203,98237365.93,shares,0
2020-10-20,78.98,78.98,77.51,78.83,78.72,1066648,83406292.73,shares,0
2020-10-21,78.83,78.9,76.18,76.42,78.83,1901465,146399972.76,shares,0
2020-10-22,76.02,77.13,75.4,76.4,76.42,1161586,88850777.99,shares,0
2020-10-23,76.02,77.07,74.25,74.7,76.4,1498665,112943604.12,shares,0
2020-10-26,74.7,75.2,73.0,73.89,74.7,1111370,82302244.83,shares,0
2020-10-27,73.7,73.85,72.07,72.38,73.89,1721245,125296207.43,shares,0
2020-10-28,72.43,72.59,68.78,71.31,72.38,3243755,227398337.81,shares,0
2020-10-29,70.18,71.7,69.5,70.29,71.31,2004963,141037184.51,shares,0
2020-10-30,70.95,73.34,69.6,70.45,70.29,3481371,248529020.67,shares,0
2020-11-02,70.65,71.7,67.8,70.32,70.45,3031739,209832863.64,shares,0
2020-11-03,70.0,75.68,70.0,73.99,70.32,4685842,347080565.97,shares,0
2020-11-04,73.98,74.35,70.66,71.31,73.99,4130571,297408819.18,shares,0
2020-11-05,71.7,72.78,70.79,72.42,71.31,2691123,193650468.52,shares,0
2020-11-06,72.99,75.85,72.0,75.62,72.42,5466237,406174760.68,shares,0
2020-11-09,76.6,87.0,76.6,83.37,75.62,8601136,701076102.43,shares,0
2020-11-10,82.5,82.8,77.63,78.43,83.37,6481174,517048662.99,shares,0
2020-11-11,77.25,78.1,75.18,75.78,78.43,4060439,308624644.27,shares,0
2020-11-12,76.5,77.2,75.02,75.11,75.78,2323399,176495332.39,shares,0
2020-11-13,74.82,76.59,73.2,75.92,75.11,2267123,170622807.92,shares,0
2020-11-16,76.0,76.47,73.18,73.86,75.92,2915310,215574154.0,shares,0
2020-11-17,73.87,83.85,71.89,81.0,73.86,6562492,506402187.19,shares,0
2020-11-18,80.0,86.95,79.39,85.03,81.0,10169941,852190268.01,shares,0
2020-11-19,83.45,97.8,83.0,91.38,85.03,14283706,1325571072.04,shares,0
2020-11-20,90.11,95.05,90.11,90.66,91.38,9650020,887953702.9,shares,0
2020-11-23,93.01,97.4,88.68,94.95,90.66,9834704,923034447.35,shares,0
2020-11-24,94.25,103.5,93.7,99.2,94.95,11561130,1138172426.8,shares,0
2020-11-25,98.5,103.34,96.35,96.35,99.2,9645121,958549372.82,shares,0
2020-11-26,97.0,98.99,92.93,93.96,96.35,7245490,691895018.2,shares,0
2020-11-27,93.99,97.88,92.0,97.85,93.96,8415525,803062557.02,shares,0
2020-11-30,97.91,102.44,95.0,95.1,97.85,10442909,1021428190.37,shares,0
2020-12-01,94.43,96.44,93.0,95.25,95.1,6358609,601011584.76,shares,0
2020-12-02,94.99,98.89,94.2,96.4,95.25,6990406,675948170.09,shares,0
2020-12-03,96.27,97.5,92.58,92.6,96.4,6458485,606966284.59,shares,0
2020-12-04,91.6,97.5,91.18,95.66,92.6,6854182,650200974.12,shares,0
2020-12-07,98.88,99.99,94.9,96.9,95.66,6331867,614297036.06,shares,0
2020-12-08,97.0,102.3,95.03,101.16,96.9,7698008,760958821.08,shares,0
2020-12-09,99.64,101.0,93.41,94.96,101.16,7781410,758188527.38,shares,0
2020-12-10,93.51,99.78,93.51,97.79,94.96,7109608,692547765.82,shares,0
2020-12-11,98.01,100.45,95.0,100.0,97.79,9410208,929344838.38,shares,0
2020-12-14,98.95,105.2,98.0,102.2,100.0,7479392,758390462.65,shares,0
2020-12-15,101.53,102.3,96.66,97.8,102.2,5382949,531825427.51,shares,0
2020-12-16,97.5,97.6,91.71,92.0,97.8,5815722,544327351.33,shares,0
2020-12-17,90.5,94.52,87.8,93.0,92.0,5141336,465762271.74,shares,0
2020-12-18,93.79,94.45,91.52,92.84,93.0,3342781,310251989.47,shares,0
2020-12-21,93.01,97.96,91.39,97.3,92.84,6001952,577972655.4,shares,0
2020-12-22,97.56,100.67,95.62,96.1,97.3,5588204,547266129.08,shares,0
2020-12-23,96.5,99.77,93.63,97.96,96.1,6183051,600355469.36,shares,0
2020-12-24,96.83,99.33,94.0,95.68,97.96,4509946,435302988.75,shares,0
2020-12-25,93.59,94.75,90.7,91.4,95.68,4412528,407652915.83,shares,0
2020-12-28,91.51,93.0,90.18,90.3,91.4,3275429,298471863.69,shares,0
2020-12-29,89.94,93.5,89.01,90.89,90.3,3433678,315180842.27,shares,0
2020-12-30,90.0,92.0,89.31,90.2,90.89,3028803,274304009.0,shares,0
2020-12-31,90.0,92.2,89.3,91.49,90.2,3384908,307968034.31,shares,0
2021-01-04,91.0,92.35,86.95,92.35,91.49,6057334,545059511.18,shares,0
2021-01-05,91.79,94.43,80.03,85.65,92.35,13185413,1150195025.19,shares,0
2021-01-06,84.0,86.95,81.74,83.0,85.65,10358845,867754182.85,shares,0
2021-01-07,83.2,83.67,79.07,80.59,83.0,6470098,523083365.03,shares,0
2021-01-08,80.59,81.81,79.4,81.42,80.59,4460139,360613033.88,shares,0
2021-01-11,82.75,83.28,79.8,80.9,81.42,5579713,455003621.23,shares,0
2021-01-12,80.9,81.45,78.61,79.72,80.9,4801146,381877981.31,shares,0
2021-01-13,79.4,81.49,76.0,81.26,79.72,7464203,593725709.82,shares,0
2021-01-14,81.23,83.68,79.15,82.55,81.26,9432681,772324449.39,shares,0
2021-01-15,81.0,81.0,76.06,77.9,82.55,8646529,676040864.58,shares,0
2021-01-18,77.89,83.09,76.8,82.95,77.9,9085069,735049411.07,shares,0
2021-01-19,82.87,83.22,80.0,80.39,82.95,7294151,595372620.64,shares,0
2021-01-20,80.59,80.59,77.41,79.79,80.39,6140250,482171106.62,shares,0
2021-01-21,79.66,80.88,78.36,80.12,79.79,4203509,335075584.88,shares,0
2021-01-22,79.9,80.36,77.59,78.01,80.12,4180321,327439994.25,shares,0
2021-01-25,76.5,79.34,75.09,75.5,78.01,4925302,377965561.66,shares,0
2021-01-26,75.54,77.2,72.8,74.16,75.5,4847268,361439971.98,shares,0
2021-01-27,74.17,74.85,71.59,72.0,74.16,4590039,333891687.76,shares,0
2021-01-28,71.14,71.97,69.5,69.54,72.0,4114030,289773435.63,shares,0
2021-01-29,70.26,70.79,67.1,68.1,69.54,3706681,254899679.31,shares,0
2021-02-01,67.6,69.4,67.54,68.2,68.1,3238938,221568671.6,shares,0
2021-02-02,68.0,68.35,66.8,67.37,68.2,2990811,201868250.05,shares,0
2021-02-03,66.8,67.7,65.3,65.51,67.37,3502596,231418826.56,shares,0
2021-02-04,65.1,66.21,63.21,65.22,65.51,3972107,256798601.51,shares,0
2021-02-05,65.21,66.2,63.5,63.54,65.22,2901541,187975367.94,shares,0
2021-02-08,63.63,67.27,63.31,65.11,63.54,3609733,236012701.55,shares,0
2021-02-09,65.09,66.5,64.19,65.0,65.11,3236757,211012205.49,shares,0
2021-02-10,65.29,66.65,64.55,65.9,65.0,3227301,211714712.43,shares,0
2021-02-18,67.22,69.48,66.83,68.03,65.9,4821398,329074176.87,shares,0
2021-02-19,68.92,69.2,66.79,69.14,68.03,3990497,272381873.99,shares,0
2021-02-22,69.44,69.5,66.07,66.1,69.14,5285517,357842909.03,shares,0
2021-02-23,65.13,67.5,65.03,65.45,66.1,2909229,191159980.19,shares,0
2021-02-24,65.4,68.6,65.28,66.36,65.45,5536132,370059238.41,shares,0
2021-02-25,67.36,67.36,65.5,65.73,66.36,2528521,166865074.45,shares,0
2021-02-26,64.94,66.1,63.75,64.13,65.73,2882575,186733989.31,shares,0
2021-03-01,64.97,69.3,64.6,68.88,64.13,6471798,437801450.67,shares,0
2021-03-02,69.0,71.77,68.91,70.5,68.88,7565064,532945372.14,shares,0
2021-03-03,70.39,70.39,68.06,69.28,70.5,4042064,278045253.06,shares,0
2021-03-04,69.0,70.49,68.11,69.32,69.28,3613478,249350791.06,shares,0
2021-03-05,68.42,69.81,68.31,68.91,69.32,3360442,231936492.56,shares,0
2021-03-08,68.38,68.48,65.8,66.23,68.91,3867515,259994265.55,shares,0
2021-03-09,66.0,66.49,61.8,62.0,66.23,3822025,245676624.8,shares,0
2021-03-10,63.0,63.28,58.0,58.2,62.0,5622199,337327076.56,shares,0
2021-03-11,58.0,59.65,56.03,58.99,58.2,5889488,341476980.26,shares,0
2021-03-12,59.5,59.67,56.7,57.25,58.99,4021109,231696377.83,shares,0
2021-03-15,56.0,58.1,55.0,56.85,57.25,3389802,192361118.1,shares,0
2021-03-16,57.0,57.0,55.37,55.77,56.85,2321739,130047696.18,shares,0
2021-03-17,56.58,56.99,55.34,56.81,55.77,2683683,151523719.47,shares,0
2021-03-18,57.07,57.18,55.53,56.19,56.81,2606641,146222617.49,shares,0
2021-03-19,55.5,56.39,54.68,56.3,56.19,2949271,164076839.2,shares,0
2021-03-22,55.8,55.95,54.8,55.24,56.3,2537329,140123996.2,shares,0
2021-03-23,55.45,56.5,54.25,54.43,55.24,3517967,194940293.25,shares,0
2021-03-24,54.0,54.43,52.65,52.96,54.43,2876212,153125428.96,shares,0
2021-03-25,52.85,53.78,52.51,52.81,52.96,2130057,113199855.19,shares,0
2021-03-26,53.4,55.19,52.76,55.18,52.81,3471958,187690079.17,shares,0
2021-03-29,55.85,56.2,53.99,55.2,55.18,3496070,191786444.78,shares,0
2021-03-30,55.21,56.7,54.42,56.48,55.2,4852146,270775851.6,shares,0
2021-03-31,56.95,61.82,55.85,60.98,56.48,8319469,496549027.03,shares,0
2021-04-01,60.6,66.12,59.3,65.7,60.98,9025483,575219432.23,shares,0
2021-04-02,66.0,70.85,65.7,67.83,65.7,8933775,607749448.24,shares,0
2021-04-06,67.0,67.15,65.17,66.24,67.83,4821831,319026214.63,shares,0
2021-04-07,65.98,67.39,64.82,67.0,66.24,4730265,312131040.44,shares,0
2021-04-08,66.6,69.68,66.2,68.9,67.0,5880295,404683968.64,shares,0
2021-04-09,68.46,70.25,68.02,69.18,68.9,4789046,330630361.96,shares,0
2021-04-12,69.19,69.96,67.0,68.2,69.18,3797475,259707432.82,shares,0
2021-04-13,67.48,70.0,67.48,68.98,68.2,3428688,236117530.46,shares,0
2021-04-14,69.33,69.33,67.04,67.84,68.98,3390052,229464524.0,shares,0
2021-04-15,66.84,69.0,63.88,68.68,67.84,4415345,294762584.5,shares,0
2021-04-16,68.27,69.4,67.1,68.54,68.68,2646448,180593329.29,shares,0
2021-04-19,68.99,72.6,67.01,71.9,68.54,7069704,496030415.28,shares,0
2021-04-20,70.65,70.9,67.1,67.98,71.9,6516951,446666840.92,shares,0
2021-04-21,66.7,68.36,66.7,67.0,67.98,3692854,248630575.18,shares,0
2021-04-22,66.0,67.97,65.01,67.55,67.0,4205829,280446984.37,shares,0
2021-04-23,67.78,67.85,66.23,67.0,67.55,2628590,175717332.58,shares,0
2021-04-26,66.6,67.0,62.8,63.15,67.0,6549468,424126210.96,shares,0
2021-04-27,63.14,63.15,60.4,60.87,63.15,5119058,314175330.2,shares,0
2021-04-28,61.9,61.9,59.24,60.97,60.87,4302207,258452418.84,shares,0
2021-04-29,67.65,73.16,67.0,73.16,60.97,18886427,1367528017.54,shares,0
2021-04-30,72.67,73.79,69.8,70.5,73.16,15738429,1126131415.42,shares,0
2021-05-06,70.65,71.28,68.0,70.31,70.5,8672376,608391574.0,shares,0
2021-05-07,70.26,71.14,63.92,63.97,70.31,10296073,689592800.41,shares,0
2021-05-10,63.65,63.98,61.23,61.84,63.97,6446341,402203537.3,shares,0
2021-05-11,61.8,63.15,61.12,62.59,61.84,5605499,348262382.71,shares,0
2021-05-12,61.9,64.0,60.85,62.7,62.59,6262356,389955579.11,shares,0
2021-05-13,61.36,64.4,61.0,62.7,62.7,6379093,401792790.46,shares,0
2021-05-14,62.21,63.3,61.39,63.11,62.7,5751239,359768304.05,shares,0
2021-05-17,62.23,65.8,62.19,64.92,63.11,8427051,542182423.7,shares,0
2021-05-18,63.9,63.9,62.0,62.36,64.92,5638347,353719410.2,shares,0
2021-05-19,61.1,63.77,60.0,63.05,62.36,5650386,351747802.78,shares,0
2021-05-20,63.02,65.71,62.76,63.25,63.05,4528115,289083019.51,shares,0
2021-05-21,62.48,63.74,61.83,61.85,63.25,4467281,280022640.94,shares,0
2021-05-24,60.99,71.77,60.73,69.65,61.85,15086076,1025587876.14,shares,0
2021-05-25,71.03,74.08,69.72,70.99,69.65,11011153,783234898.03,shares,0
2021-05-26,70.88,70.99,67.75,68.05,70.99,8518793,586251676.96,shares,0
2021-05-27,68.0,81.66,68.0,81.66,68.05,21334339,1635625729.18,shares,0
2021-05-28,81.3,90.25,78.7,85.65,81.66,24114350,2010620304.27,shares,0
2021-05-31,86.17,89.14,84.62,86.6,85.65,13935338,1204639509.66,shares,0
2021-06-01,84.86,93.85,84.06,88.48,86.47,17304278,1548692955.32,shares,0
2021-06-02,88.59,89.8,85.89,87.82,88.48,11271068,984309059.54,shares,0
2021-06-03,86.5,87.43,83.78,85.53,87.82,8654329,743240298.2,shares,0
2021-06-04,86.6,91.29,84.0,88.53,85.53,14216367,1250774224.25,shares,0
2021-06-07,89.38,92.33,86.72,89.45,88.53,18224905,1633003277.04,shares,0
2021-06-08,87.82,88.76,86.03,87.19,89.45,11172504,974303498.1,shares,0
2021-06-09,85.88,93.5,85.88,90.39,87.19,13712511,1241851174.0,shares,0
2021-06-10,88.9,95.73,88.77,94.43,90.39,15394360,1421375506.89,shares,0
2021-06-11,93.5,95.72,90.74,92.64,94.43,12762060,1190614158.06,shares,0
2021-06-15,92.79,99.85,90.6,98.2,92.64,14135360,1363359045.15,shares,0
2021-06-16,97.5,105.3,92.01,93.37,98.2,15385450,1518256483.14,shares,0
2021-06-17,94.98,104.9,93.5,101.19,93.37,17823929,1764551886.76,shares,0
2021-06-18,100.0,101.95,95.6,99.59,101.19,13949993,1382436114.85,shares,0
2021-06-21,97.68,102.99,97.68,99.35,99.59,10859915,1087180443.63,shares,0
2021-06-22,99.0,100.69,95.27,96.38,99.35,10934755,1057867267.09,shares,0
2021-06-23,96.02,103.2,95.8,99.97,96.38,14071056,1411346290.92,shares,0
2021-06-24,98.92,101.8,94.57,96.31,99.97,9907439,961125654.42,shares,0
2021-06-25,96.0,98.17,93.18,96.5,96.31,8105762,778009198.27,shares,0
2021-06-28,95.5,100.9,94.62,96.9,96.5,9389010,920100653.16,shares,0
2021-06-29,97.22,97.5,90.1,93.18,96.9,12680443,1178421334.26,shares,0
2021-06-30,94.43,104.81,92.58,100.92,93.18,16863762,1673494695.82,shares,0
2021-07-01,102.01,102.06,95.99,95.99,100.92,9693215,960578690.39,shares,0
2021-07-02,97.4,101.85,95.69,100.21,95.99,13047659,1297935397.31,shares,0
2021-07-05,103.05,108.8,101.0,106.98,100.21,15247296,1604785607.39,shares,0
2021-07-06,105.89,106.98,100.33,103.9,106.98,12760755,1324558090.48,shares,0
2021-07-07,100.39,102.96,94.0,102.2,103.9,12329964,1219669972.81,shares,0
2021-07-08,101.0,105.79,99.7,104.98,102.2,10958013,1135732088.53,shares,0
2021-07-09,101.94,104.49,99.59,103.0,104.98,8958870,913773113.6,shares,0
2021-07-12,104.1,123.59,101.1,122.0,103.0,19280783,2191824290.04,shares,0
2021-07-13,119.6,121.79,110.0,115.9,122.0,14269560,1653772203.33,shares,0
2021-07-14,112.9,122.5,112.8,117.69,115.9,11281303,1321365547.8,shares,0
2021-07-15,114.99,118.98,113.4,116.54,117.69,8643189,997772812.89,shares,0
2021-07-16,117.78,122.66,115.27,116.83,116.54,10605054,1266883350.83,shares,0
2021-07-19,112.0,117.6,111.11,114.69,116.83,7891301,905978091.34,shares,0
2021-07-20,113.0,130.0,112.68,127.35,114.69,15051863,1879271383.46,shares,0
2021-07-21,128.62,150.0,128.62,140.27,127.35,15695048,2186718441.28,shares,0
2021-07-22,145.42,151.99,141.99,144.82,140.27,12994334,1904787863.55,shares,0
2021-07-23,147.14,152.0,138.96,146.77,144.82,11547629,1691912347.18,shares,0
2021-07-26,152.47,169.88,152.47,165.0,146.77,15624858,2540153683.79,shares,0
2021-07-27,167.0,192.0,164.0,170.5,165.0,18897291,3321859459.73,shares,0
2021-07-28,170.0,188.36,160.1,188.32,170.5,16431649,2911297954.06,shares,0
2021-07-29,192.37,199.97,174.77,191.84,188.32,17596292,3281030948.94,shares,0
2021-07-30,187.0,199.3,182.0,190.0,191.84,14552025,2751591261.01,shares,0
2021-08-02,185.13,185.13,166.0,172.61,190.0,18922309,3302608396.49,shares,0
2021-08-03,171.0,174.64,147.6,151.88,172.61,23635539,3771801226.92,shares,0
2021-08-04,153.81,164.63,152.55,161.6,151.88,15275640,2442690539.99,shares,0
2021-08-05,159.68,170.26,157.59,162.98,161.6,13510988,2219092242.73,shares,0
2021-08-06,159.7,165.0,156.1,161.48,162.98,10298572,1645790967.17,shares,0
2021-08-09,155.71,165.57,155.33,164.2,161.48,10702863,1721965132.28,shares,0
2021-08-10,165.03,165.03,152.03,158.25,164.2,11614538,1829258819.45,shares,0
2021-08-11,155.91,162.35,154.05,159.0,158.25,8120071,1287363844.23,shares,0
2021-08-12,160.0,170.9,158.4,161.41,159.0,12334185,2027115202.44,shares,0
2021-08-13,157.0,161.98,153.28,153.85,161.41,9910223,1550991431.56,shares,0
2021-08-16,153.01,166.0,153.01,161.0,153.85,12406954,1997448123.04,shares,0
2021-08-17,163.48,164.0,152.97,153.85,161.0,8200211,1280446443.03,shares,0
2021-08-18,153.82,156.35,144.8,147.5,153.85,11224706,1664940468.83,shares,0
2021-08-19,148.0,157.5,147.0,153.84,147.5,10412364,1596112113.21,shares,0
2021-08-20,156.0,164.54,155.0,155.29,153.84,10878094,1729849939.7,shares,0
2021-08-23,156.34,158.53,151.69,155.98,155.29,8232848,1280437008.19,shares,0
2021-08-24,156.8,161.66,150.3,159.25,155.98,10506554,1645951650.55,shares,0
2021-08-25,160.35,164.72,152.8,154.94,159.25,7848836,1232278637.84,shares,0
2021-08-26,154.93,159.2,149.0,151.09,154.94,10226261,1573830699.57,shares,0
2021-08-27,151.09,155.0,149.3,151.65,151.09,6521827,991894894.05,shares,0
2021-08-30,153.25,159.24,150.5,151.68,151.65,8274652,1278829136.31,shares,0
2021-08-31,153.0,154.57,137.49,142.44,151.68,15104043,2158948157.59,shares,0
2021-09-01,142.99,143.6,135.72,142.88,142.44,8857919,1239065240.11,shares,0
2021-09-02,140.0,141.89,135.88,135.88,142.88,6654263,918641289.22,shares,0
2021-09-03,137.75,142.73,135.54,139.48,135.88,9409422,1312220262.42,shares,0
2021-09-06,138.83,146.29,135.31,143.77,139.48,8452430,1210529643.51,shares,0
2021-09-07,143.0,144.47,140.0,142.1,143.77,5886649,834905511.99,shares,0
2021-09-08,141.38,144.0,138.38,140.16,142.1,6456428,907455718.8,shares,0
2021-09-09,140.21,142.68,138.0,141.91,140.16,5451620,767372473.09,shares,0
2021-09-10,141.09,152.88,138.5,146.5,141.91,12281586,1794022454.14,shares,0
2021-09-13,146.5,146.6,128.3,128.8,146.5,15403269,2047839301.4,shares,0
2021-09-14,128.8,139.5,128.5,136.5,128.8,12649306,1716257227.43,shares,0
2021-09-15,135.61,138.66,131.52,134.41,136.5,6668951,900248895.52,shares,0
2021-09-16,135.65,136.85,128.83,128.99,134.41,6344924,837093736.49,shares,0
2021-09-17,130.0,133.3,128.35,131.01,128.99,4505971,587758635.24,shares,0
2021-09-22,129.45,130.7,126.8,128.43,131.01,4599802,591811725.86,shares,0
2021-09-23,129.37,135.41,128.39,130.51,128.43,7115562,939608100.51,shares,0
2021-09-24,130.0,131.88,127.64,127.97,130.51,5512189,712059173.44,shares,0
2021-09-27,127.5,132.58,123.99,126.71,127.97,6442000,822084219.65,shares,0
2021-09-28,124.68,132.66,123.6,129.71,126.71,6327110,823227233.38,shares,0
2021-09-29,129.0,129.98,124.13,125.01,129.71,4762007,601142936.15,shares,0
2021-09-30,124.99,129.0,124.85,128.5,125.01,4290328,548103848.65,shares,0
2021-10-08,130.73,132.5,126.02,128.5,128.5,4956762,637650946.61,shares,0
2021-10-11,129.8,131.77,124.7,125.03,128.5,6129176,782334486.44,shares,0
2021-10-12,125.92,125.93,121.5,123.78,125.03,5131229,635729683.41,shares,0
2021-10-13,123.05,124.99,121.65,124.46,123.78,4416886,546618217.72,shares,0
2021-10-14,124.46,125.3,121.58,122.27,124.46,4415763,543423489.69,shares,0
2021-10-15,122.2,129.97,120.26,125.57,122.27,9302347,1166420848.29,shares,0
2021-10-18,124.97,126.11,114.5,119.28,125.57,11466049,1351549656.03,shares,0
2021-10-19,117.98,122.63,117.2,121.78,119.28,7268844,877220971.57,shares,0
2021-10-20,122.36,123.5,119.7,121.49,121.78,4877078,593764543.99,shares,0
2021-10-21,122.98,122.98,117.96,118.15,121.49,4687837,560093203.65,shares,0
2021-10-22,120.0,137.9,120.0,129.99,118.15,16296213,2103037177.44,shares,0
2021-10-25,132.01,137.0,127.0,136.32,129.99,14691144,1956466640.63,shares,0
2021-10-26,137.01,141.0,130.86,136.67,136.32,14173946,1921668502.86,shares,0
2021-10-27,135.0,135.0,129.0,130.55,136.67,12347137,1622072069.84,shares,0
2021-10-28,128.2,137.74,128.2,129.19,130.55,11835224,1567599163.1,shares,0
2021-10-29,128.01,141.45,127.6,137.4,129.19,16907261,2317461747.03,shares,0
2021-11-01,137.0,139.87,133.22,135.33,137.4,11645659,1582975365.22,shares,0
2021-11-02,134.0,150.08,133.36,146.85,135.33,18819293,2713992568.74,shares,0
2021-11-03,146.85,150.8,145.41,148.57,146.85,12209986,1798176456.64,shares,0
2021-11-04,148.3,149.58,144.68,148.6,148.57,10467390,1546040586.37,shares,0
2021-11-05,153.0,157.57,147.6,147.87,148.6,11850646,1793088951.24,shares,0
2021-11-08,143.79,146.8,141.48,144.41,147.87,8036063,1156551309.19,shares,0
2021-11-09,144.76,151.0,141.2,149.73,144.41,9234197,1349462421.39,shares,0
2021-11-10,146.61,147.8,142.8,146.5,149.73,8786337,1276344144.29,shares,0
2021-11-11,146.13,155.58,145.01,149.18,146.5,11506553,1727921357.94,shares,0
2021-11-12,146.0,146.0,137.6,141.05,149.18,12433917,1759310117.1,shares,0
2021-11-15,140.0,143.85,139.2,141.4,141.05,6276075,888426701.49,shares,0
2021-11-16,140.0,143.5,139.5,140.0,141.4,5379510,760588404.27,shares,0
2021-11-17,139.04,143.85,138.4,140.65,140.0,5637888,796693283.32,shares,0
2021-11-18,134.79,136.49,129.5,129.59,140.65,13676593,1804484315.47,shares,0
2021-11-19,129.99,132.33,128.5,131.9,129.59,6879802,900512928.65,shares,0
2021-11-22,131.78,143.18,130.08,142.95,131.9,12078342,1659659673.07,shares,0
2021-11-23,142.9,150.9,142.21,147.99,142.95,13773488,2029855544.85,shares,0
2021-11-24,148.02,159.6,148.02,151.22,147.99,16183372,2510041614.43,shares,0
2021-11-25,151.0,154.2,147.08,147.81,151.22,9546620,1429593951.3,shares,0
2021-11-26,148.2,148.55,137.65,137.97,147.81,11654344,1645524248.78,shares,0
2021-11-29,136.99,137.88,133.21,136.69,137.97,9265972,1256257016.45,shares,0
2021-11-30,139.0,139.8,135.29,136.09,136.69,8907376,1221709431.4,shares,0
2021-12-01,135.71,141.26,135.41,137.72,136.09,8336694,1149069979.39,shares,0
2021-12-02,137.62,145.16,134.5,143.21,137.72,14642581,2067992104.53,shares,0
2021-12-03,141.69,151.0,141.2,147.68,143.21,14925159,2189142044.11,shares,0
2021-12-06,150.0,152.5,144.33,144.9,147.68,10735775,1590690594.49,shares,0
2021-12-07,146.0,148.89,141.7,143.49,144.9,8193972,1187605996.82,shares,0
2021-12-08,145.23,156.0,145.23,151.9,143.49,14676556,2235530119.4,shares,0
2021-12-09,151.88,151.89,140.56,141.5,151.9,15721656,2266713287.3,shares,0
2021-12-10,139.6,142.38,138.0,140.7,141.5,7725302,1083148098.58,shares,0
2021-12-13,139.3,140.57,137.6,138.92,140.7,6927586,962675628.23,shares,0
2021-12-14,138.0,139.5,137.35,138.26,138.92,5547641,768650100.48,shares,0
2021-12-15,138.0,139.3,136.6,137.95,138.26,5374773,741201695.65,shares,0
2021-12-16,138.35,141.1,135.2,135.7,137.95,7333972,1008769857.9,shares,0
2021-12-17,131.0,133.47,124.8,126.15,135.7,12866902,1639685339.95,shares,0
2021-12-20,121.99,128.5,121.56,128.02,126.15,7745218,979987891.04,shares,0
2021-12-21,126.08,128.59,124.15,126.66,128.02,4181921,527738915.1,shares,0
2021-12-22,128.08,132.51,126.0,129.26,126.66,6574465,855541301.58,shares,0
2021-12-23,129.2,133.56,128.31,131.0,129.26,5948575,784109150.49,shares,0
2021-12-24,131.0,135.27,130.99,132.5,131.0,5990771,799110837.55,shares,0
2021-12-27,132.49,136.18,131.8,134.33,132.5,4383848,589190588.74,shares,0
2021-12-28,134.0,136.36,131.6,132.52,134.33,4465655,596124936.81,shares,0
2021-12-29,132.0,133.97,130.5,131.43,132.52,4510889,594811509.63,shares,0
2021-12-30,131.45,135.5,131.1,134.2,131.43,4139024,553574858.48,shares,0
2021-12-31,133.9,136.3,131.07,134.0,134.2,4240479,567319022.57,shares,0
2022-01-04,134.01,135.01,126.58,127.5,134.0,6482256,833378714.86,shares,0
2022-01-05,128.02,128.69,122.0,122.81,127.5,5788719,715602855.11,shares,0
2022-01-06,122.21,123.05,118.5,121.42,122.81,4341129,524893442.58,shares,0
2022-01-07,115.01,119.0,108.5,110.0,121.42,14824169,1652836956.5,shares,0
2022-01-10,109.64,110.02,106.45,108.11,110.0,12024370,1298630597.03,shares,0
2022-01-11,107.89,108.44,102.5,104.31,108.11,10409528,1090630779.1,shares,0
2022-01-12,105.28,106.3,104.0,105.5,104.31,6431955,676245757.32,shares,0
2022-01-13,105.4,105.49,101.7,102.3,105.5,6397653,658520179.68,shares,0
2022-01-14,101.5,106.8,101.01,105.3,102.3,7063463,739706626.35,shares,0
2022-01-17,105.9,110.72,104.8,109.45,105.3,8682395,941798145.17,shares,0
2022-01-18,109.5,113.95,107.72,112.52,109.45,8761501,979926245.12,shares,0
2022-01-19,111.0,113.28,110.12,112.08,112.52,5488297,615388410.01,shares,0
2022-01-20,111.96,114.8,110.52,111.76,112.08,4995325,560674676.2,shares,0
2022-01-21,110.78,114.33,109.56,111.0,111.76,4706640,526650269.86,shares,0
2022-01-24,110.0,115.62,109.57,114.76,111.0,5866137,665371639.19,shares,0
2022-01-25,119.0,119.95,111.48,111.5,114.76,6137196,698281781.21,shares,0
2022-01-26,112.0,119.88,111.0,116.15,111.5,8199178,952400203.29,shares,0
2022-01-27,115.8,118.45,112.21,112.41,116.15,4707873,541380702.73,shares,0
2022-01-28,112.86,114.21,108.55,108.9,112.41,4464734,493567382.58,shares,0
2022-02-07,112.35,116.92,108.51,109.34,108.9,5863874,657500234.01,shares,0
2022-02-08,109.0,109.78,103.33,105.93,109.34,5622892,594079392.08,shares,0
2022-02-09,104.5,108.29,103.11,108.13,105.93,4032798,427847695.78,shares,0
2022-02-10,108.45,109.1,105.2,106.3,108.13,3739746,398745213.63,shares,0
2022-02-11,105.0,107.85,103.82,104.32,106.3,3364964,355388797.93,shares,0
2022-02-14,103.32,105.48,100.63,104.45,104.32,3614561,373769670.26,shares,0
2022-02-15,105.0,109.0,104.03,108.33,104.45,5501170,590356577.32,shares,0
2022-02-16,110.0,110.2,104.91,105.15,108.33,5516036,587478383.63,shares,0
2022-02-17,105.0,109.51,104.41,108.92,105.15,5971338,642648123.33,shares,0
2022-02-18,107.1,108.39,103.61,104.39,108.92,5552857,584980680.41,shares,0
2022-02-21,103.8,105.7,102.0,102.5,104.39,4586782,473361093.86,shares,0
2022-02-22,101.01,103.35,97.24,103.25,102.5,6828262,686783811.62,shares,0
2022-02-23,101.4,113.9,101.3,112.9,103.25,12792792,1400601822.37,shares,0
2022-02-24,111.8,113.98,107.79,109.71,112.9,8506336,944710760.57,shares,0
2022-02-25,113.57,114.58,110.09,111.9,109.71,6746990,754516912.91,shares,0
2022-02-28,111.9,114.2,110.24,111.3,111.9,6390934,716276384.0,shares,0
2022-03-01,111.3,113.5,109.74,112.7,111.3,6146579,685426352.0,shares,0
2022-03-02,110.87,110.87,106.48,109.2,112.7,6444018,699184544.0,shares,0
2022-03-03,109.98,111.18,104.46,104.95,109.2,6280709,667405712.0,shares,0
2022-03-04,104.33,113.26,103.74,109.33,104.95,10044543,1105300944.0,shares,0
2022-03-07,109.26,109.87,103.4,104.0,109.33,8100083,855285360.0,shares,0
2022-03-08,104.0,110.0,103.6,105.85,104.0,8964188,957408256.0,shares,0
2022-03-09,108.0,109.05,100.16,104.5,105.85,7798979,818924160.0,shares,0
2022-03-10,108.0,108.05,98.78,99.6,104.5,14433830,1471087328.0,shares,0
2022-03-11,95.37,102.19,94.6,102.09,99.6,10646125,1058475888.0,shares,0
2022-03-14,99.58,102.96,98.74,98.74,102.09,5866384,588566592.0,shares,0
2022-03-15,98.0,100.0,92.87,93.22,98.74,9562749,919002112.0,shares,0
2022-03-16,96.5,96.72,90.3,96.52,93.22,11218385,1051333888.0,shares,0
2022-03-17,98.2,102.18,97.12,101.01,96.52,12202966,1224872048.0,shares,0
2022-03-18,99.99,101.49,98.17,99.02,101.01,6516595,646825832.87,shares,0
2022-03-21,98.87,100.8,97.54,99.31,99.02,6427488,638395127.75,shares,0
2022-03-22,99.84,100.2,97.21,98.11,99.31,4640575,457064517.25,shares,0
2022-03-23,98.4,99.06,97.06,97.63,98.11,3609978,352682233.34,shares,0
2022-03-24,97.0,97.29,93.81,96.01,97.63,5200527,495872911.68,shares,0
2022-03-25,97.5,100.99,94.0,94.01,96.01,7019551,680033925.73,shares,0
2022-03-28,90.0,93.6,88.0,93.1,94.01,5945988,547386696.71,shares,0
2022-03-29,92.67,93.87,90.7,91.56,93.1,3799436,349944189.73,shares,0
2022-03-30,91.7,95.13,91.7,94.5,91.56,4657843,438329244.04,shares,0
2022-03-31,93.82,94.4,90.91,91.47,94.5,4049739,373886445.87,shares,0
2022-04-01,91.38,93.6,90.21,92.74,91.47,3732683,344628930.56,shares,0
2022-04-06,92.0,92.1,88.84,90.51,92.74,4293676,387634307.35,shares,0
2022-04-07,90.4,91.5,88.39,88.42,90.51,3898383,348911819.42,shares,0
2022-04-08,88.6,89.5,85.2,87.86,88.42,4286075,374364374.44,shares,0
2022-04-11,87.5,87.8,80.31,81.08,87.86,8086381,668432522.44,shares,0
2022-04-12,81.84,84.0,80.54,83.88,81.08,5671610,466659009.16,shares,0
2022-04-13,83.35,85.18,81.5,81.81,83.88,3764483,312781628.79,shares,0
2022-04-14,82.0,84.09,80.7,81.83,81.81,5451529,448373868.49,shares,0
2022-04-15,80.38,84.4,79.54,83.17,81.83,6121579,505940708.16,shares,0
2022-04-18,82.01,85.47,82.0,85.1,83.17,5637162,476547726.01,shares,0
2022-04-19,85.02,85.43,81.76,83.0,85.1,6559717,543534033.91,shares,0
2022-04-20,83.0,84.25,81.69,82.65,83.0,4481574,372208239.09,shares,0
2022-04-21,81.91,86.68,81.05,81.28,82.65,6130418,512165720.19,shares,0
2022-04-22,80.67,83.58,77.01,77.5,81.28,7495960,594234863.19,shares,0
2022-04-25,75.85,77.2,72.79,73.0,77.5,6723875,506948848.94,shares,0
2022-04-26,72.82,74.4,70.65,70.97,73.0,5314535,385647871.26,shares,0
2022-04-27,69.39,77.0,69.28,76.75,70.97,7329415,536146396.22,shares,0
2022-04-28,75.64,75.87,71.71,73.18,76.75,9220191,675554620.9,shares,0
2022-04-29,73.79,75.47,70.41,74.64,73.18,10079151,737921129.47,shares,0
2022-05-05,73.7,75.71,72.8,73.2,74.64,8019148,594417469.13,shares,0
2022-05-06,71.05,71.86,69.8,70.98,73.2,6389218,452496171.61,shares,0
2022-05-09,70.5,73.67,70.37,72.15,70.98,5763662,415979847.65,shares,0
2022-05-10,71.26,77.77,70.63,74.84,72.15,9339460,702290187.97,shares,0
2022-05-11,74.84,81.01,74.03,77.41,74.84,11018267,860201261.22,shares,0
2022-05-12,76.0,79.8,75.75,78.38,77.41,8387939,651410780.12,shares,0
2022-05-13,79.0,80.65,76.91,79.5,78.38,7905302,625167642.37,shares,0
2022-05-16,80.5,81.68,78.43,78.66,79.5,6595066,522759924.33,shares,0
2022-05-17,78.9,81.88,78.07,80.99,78.66,7433966,598450665.57,shares,0
2022-05-18,81.03,81.6,79.88,79.91,80.99,6078408,488961090.87,shares,0
2022-05-19,78.74,86.48,78.38,85.9,79.91,12282139,1021873440.53,shares,0
2022-05-20,85.1,86.1,82.95,84.96,85.9,8766236,741407998.48,shares,0
2022-05-23,95.0,99.53,93.8,95.96,84.96,19512719,1875394723.75,shares,0
2022-05-24,95.0,97.3,91.18,91.43,95.96,14293894,1350066384.2,shares,0
2022-05-25,91.56,92.88,88.55,90.8,91.43,9249265,835166608.81,shares,0
2022-05-26,90.6,90.9,87.82,88.46,90.8,7679456,681807372.36,shares,0
2022-05-27,89.37,90.86,87.28,88.62,88.46,7101552,633706488.23,shares,0
2022-05-30,88.0,95.68,87.4,93.69,88.62,13143265,1215747969.5,shares,0
2022-05-31,93.42,93.6,91.1,93.0,93.69,7604373,702896424.98,shares,0
2022-06-01,93.32,93.32,88.99,90.35,93.0,8189332,745818504.04,shares,0
2022-06-02,89.86,93.5,89.5,92.28,90.35,9885513,909934659.63,shares,0
2022-06-06,92.0,96.3,91.03,95.96,92.28,10905996,1029405998.12,shares,0
2022-06-07,95.11,95.6,92.81,93.55,95.96,7720168,725534121.6,shares,0
2022-06-08,93.0,94.46,91.34,93.41,93.55,5798275,538613968.38,shares,0
2022-06-09,93.53,93.79,89.26,89.9,93.41,7333808,664427373.11,shares,0
2022-06-10,89.01,92.29,88.88,91.29,89.9,8806729,799546038.9,shares,0
2022-06-13,92.09,94.5,89.81,90.84,91.29,9848811,908381524.75,shares,0
2022-06-14,89.51,89.51,86.02,89.15,90.84,7772497,681321233.04,shares,0
2022-06-15,87.0,91.73,86.88,88.85,89.15,8583204,770794143.94,shares,0
2022-06-16,88.5,93.58,88.36,90.7,88.85,10033458,921123018.73,shares,0
2022-06-17,89.52,90.73,87.8,90.35,90.7,7086594,633568783.21,shares,0
2022-06-20,90.42,94.77,89.86,93.05,90.35,10952618,1012811684.9,shares,0
2022-06-21,92.01,92.68,89.3,90.52,92.86,7792124,707209662.27,shares,0
2022-06-22,91.75,92.92,87.0,87.34,90.52,9884058,888827241.01,shares,0
2022-06-23,86.51,93.5,86.51,93.45,87.34,12215191,1113783414.99,shares,0
2022-06-24,93.91,97.68,92.44,96.51,93.45,12536250,1191877941.7,shares,0
2022-06-27,97.03,98.94,95.1,95.36,96.51,9612492,926378070.81,shares,0
2022-06-28,95.86,102.9,93.0,102.26,95.36,18113746,1779683309.55,shares,0
2022-06-29,101.0,110.78,100.26,103.25,102.26,21745407,2307800981.12,shares,0
2022-06-30,103.88,109.11,102.0,106.25,103.25,15517687,1645637853.4,shares,0
2022-07-01,107.0,107.0,101.28,101.56,106.25,13047902,1344888633.47,shares,0
2022-07-04,98.5,100.56,95.99,99.47,101.56,10428855,1027979631.19,shares,0
2022-07-05,98.96,101.07,95.87,97.91,99.47,8587216,843583477.16,shares,0
2022-07-06,96.9,101.06,96.22,97.15,97.91,10561728,1043714788.63,shares,0
2022-07-07,96.0,97.0,92.95,93.58,97.15,11747509,1103386684.27,shares,0
2022-07-08,93.58,95.78,91.31,92.91,93.58,12424887,1165588798.96,shares,0
2022-07-11,91.2,92.41,89.55,90.71,92.91,9473082,856609241.96,shares,0
2022-07-12,90.29,91.38,88.0,88.34,90.71,6210498,554748383.75,shares,0
2022-07-13,88.43,89.04,86.0,87.03,88.34,6925453,606034598.22,shares,0
2022-07-14,87.02,89.57,86.4,88.24,87.03,7003386,618951502.99,shares,0
2022-07-15,88.17,92.27,87.14,89.79,88.24,8909906,806671027.36,shares,0
2022-07-18,90.0,91.42,87.99,90.58,89.79,6129924,550094396.39,shares,0
2022-07-19,90.58,91.15,88.42,89.41,90.58,4856712,435296526.59,shares,0
2022-07-20,90.4,91.7,89.34,90.14,89.41,5240218,475115852.75,shares,0
2022-07-21,89.5,94.17,88.61,92.6,90.14,11313324,1043087499.63,shares,0
2022-07-22,92.15,92.44,88.71,89.89,92.6,6260929,566135196.63,shares,0
2022-07-25,89.05,90.13,86.46,86.47,89.89,5369421,471165104.22,shares,0
2022-07-26,86.01,87.28,83.2,85.07,86.47,6620060,560586516.84,shares,0
2022-07-27,85.03,85.47,83.49,84.91,85.07,4375035,369171421.54,shares,0
2022-07-28,85.96,87.89,85.85,85.97,84.91,6305195,547807086.32,shares,0
2022-07-29,87.2,92.22,86.9,88.88,85.97,11228309,1002969742.56,shares,0
2022-08-01,87.75,89.92,83.88,89.3,88.88,6834000,597928822.12,shares,0
2022-08-02,87.83,90.92,85.35,88.9,89.3,8944912,798758596.22,shares,0
2022-08-03,90.0,93.88,89.0,92.06,88.9,12317897,1128138640.85,shares,0
2022-08-04,93.4,95.75,92.0,95.06,92.06,12875206,1213307511.29,shares,0
2022-08-05,95.08,103.5,93.58,100.03,95.06,17004667,1681586613.12,shares,0
2022-08-08,99.0,99.04,95.0,96.99,100.03,11716179,1133897304.24,shares,0
2022-08-09,94.0,94.93,90.52,94.35,96.99,13817209,1275979757.6,shares,0
2022-08-10,92.56,94.8,91.8,91.81,94.35,8709545,808852528.89,shares,0
2022-08-11,92.4,95.34,91.88,94.37,91.81,9766355,916747796.21,shares,0
2022-08-12,93.8,94.81,91.92,91.98,94.37,6249452,582457964.02,shares,0
2022-08-15,92.25,93.38,91.0,91.17,91.98,5066873,464855636.08,shares,0
2022-08-16,90.5,91.23,87.8,88.02,91.17,10424114,925747315.79,shares,0
2022-08-17,87.8,88.8,86.5,88.45,88.02,6569057,576214869.72,shares,0
2022-08-18,87.88,89.73,87.46,89.4,88.45,6025322,535754493.85,shares,0
2022-08-19,89.02,90.9,86.48,86.51,89.4,7219754,637408577.7,shares,0
2022-08-22,85.63,87.27,84.5,86.5,86.51,4212192,362632434.67,shares,0
2022-08-23,86.47,87.19,85.86,86.91,86.5,3461011,300163175.22,shares,0
2022-08-24,86.83,86.83,83.2,83.26,86.91,5438274,460583548.51,shares,0
2022-08-25,83.3,84.55,80.85,82.12,83.26,4950358,408310657.17,shares,0
2022-08-26,81.72,83.37,81.72,82.33,82.12,3064633,252790703.23,shares,0
2022-08-29,80.6,83.39,80.35,82.14,82.33,3051353,251066835.58,shares,0
2022-08-30,82.42,83.96,81.51,83.19,82.14,3330673,276184170.32,shares,0
2022-08-31,82.74,83.96,81.0,81.55,83.19,4172508,341885291.07,shares,0
2022-09-01,82.5,83.5,80.51,80.53,81.55,2998683,245282942.22,shares,0
2022-09-02,80.7,81.79,80.17,80.93,80.53,2719719,220635953.83,shares,0
2022-09-05,80.58,80.77,76.98,78.1,80.93,4638170,363753131.6,shares,0
2022-09-06,78.5,78.95,77.17,78.66,78.1,3668174,286151768.89,shares,0
2022-09-07,78.81,80.95,78.58,80.26,78.66,5250467,420529912.97,shares,0
2022-09-08,79.56,80.17,77.31,77.62,80.26,4212779,331168903.19,shares,0
2022-09-09,77.61,78.59,76.18,78.43,77.62,4403764,340041102.72,shares,0
2022-09-13,78.44,79.85,78.15,78.26,78.43,2989365,235606386.73,shares,0
2022-09-14,76.57,78.0,76.1,77.25,78.26,2460280,189719128.48,shares,0
2022-09-15,77.37,77.74,74.0,74.99,77.25,3958481,299710474.33,shares,0
2022-09-16,74.89,75.74,73.0,73.0,74.99,3214901,238983891.72,shares,0
2022-09-19,73.07,74.52,72.0,72.66,73.0,3305304,241472471.29,shares,0
2022-09-20,72.72,73.9,72.0,73.75,72.66,3415389,249946441.7,shares,0
2022-09-21,73.21,73.93,72.02,73.13,73.75,3604983,263384764.58,shares,0
2022-09-22,72.54,74.42,72.54,73.64,73.13,3517911,259420720.8,shares,0
2022-09-23,73.8,73.99,71.4,71.81,73.64,2985827,216304422.62,shares,0
2022-09-26,71.04,72.58,71.02,71.81,71.81,2592696,186934326.44,shares,0
2022-09-27,71.85,74.25,71.81,74.2,71.81,4056203,297469230.14,shares,0
2022-09-28,74.0,75.5,73.05,73.65,74.2,4956852,369067851.29,shares,0
2022-09-29,74.65,77.25,73.7,75.89,73.65,5823740,440480795.21,shares,0
2022-09-30,75.28,75.84,73.95,73.97,75.89,3298189,246192028.92,shares,0
2022-10-10,73.5,73.6,65.49,66.09,73.97,5876797,399772427.3,shares,0
2022-10-11,66.0,66.69,61.85,64.75,66.09,5251987,334838110.39,shares,0
2022-10-12,64.79,69.47,64.1,68.9,64.75,6387696,427614708.98,shares,0
2022-10-13,68.78,70.45,68.11,68.72,68.9,4330460,300821080.02,shares,0
2022-10-14,69.71,70.68,68.68,70.07,68.72,4027530,281138775.33,shares,0
2022-10-17,69.0,71.47,69.0,71.04,70.07,4163993,293681582.71,shares,0
2022-10-18,71.72,71.98,69.91,70.07,71.04,3074259,216580023.8,shares,0
2022-10-19,69.91,70.89,69.5,69.5,70.07,2988282,209538521.65,shares,0
2022-10-20,68.99,73.95,68.8,72.87,69.5,7418729,534602947.06,shares,0
2022-10-21,71.9,71.95,69.8,69.91,72.87,5564610,392859432.05,shares,0
2022-10-24,69.97,72.71,68.93,69.97,69.91,5414020,383531519.49,shares,0
2022-10-25,68.04,69.88,66.58,67.32,69.97,6039108,409968029.1,shares,0
2022-10-26,67.44,70.99,66.69,70.3,67.32,6786187,473805226.1,shares,0
2022-10-27,70.15,72.0,69.2,69.42,70.3,6651443,467486753.0,shares,0
2022-10-28,68.5,70.99,66.28,66.46,69.42,6646603,457294142.85,shares,0
2022-10-31,65.8,69.0,65.17,67.96,66.46,5048709,343309894.61,shares,0
2022-11-01,67.02,68.65,65.2,68.65,67.96,6255570,421589129.36,shares,0
2022-11-02,68.32,70.94,68.21,70.14,68.65,5949628,416494488.65,shares,0
2022-11-03,69.5,73.71,69.4,73.0,70.14,9660242,695870838.57,shares,0
2022-11-04,72.48,74.09,71.65,73.53,73.0,8722402,635211293.55,shares,0
2022-11-07,72.7,74.07,72.13,72.45,73.53,5518607,402642033.28,shares,0
2022-11-08,72.52,73.3,71.05,71.59,72.45,5597833,401561337.31,shares,0
2022-11-09,71.5,71.93,70.63,70.98,71.59,3854450,274027476.49,shares,0
2022-11-10,70.45,71.59,68.3,68.51,70.98,5865399,407694038.16,shares,0
2022-11-11,70.51,73.8,70.22,71.25,68.51,9296166,667145198.08,shares,0
2022-11-14,71.88,74.76,70.55,72.98,71.25,9819371,719153055.37,shares,0
2022-11-15,72.71,81.85,71.81,80.16,72.98,19500244,1517411793.98,shares,0
2022-11-16,78.8,79.78,77.56,78.06,80.16,11642093,914212033.32,shares,0
2022-11-17,77.68,81.71,76.01,80.67,78.06,15035537,1191265075.47,shares,0
2022-11-18,79.84,80.8,77.98,78.27,80.67,8521129,674155010.24,shares,0
2022-11-21,77.3,78.82,76.5,77.35,78.27,5416645,418922431.64,shares,0
2022-11-22,77.5,79.33,76.61,77.61,77.35,5733879,447954535.55,shares,0
2022-11-23,77.5,78.5,75.5,76.53,77.61,4452429,341926756.44,shares,0
2022-11-24,75.98,76.9,75.38,75.39,76.53,3558360,270410478.65,shares,0
2022-11-25,74.55,77.55,74.55,76.35,75.39,4375557,335018035.84,shares,0
2022-11-28,75.0,77.24,74.62,77.06,76.35,4010541,306934545.32,shares,0
2022-11-29,76.91,79.43,76.43,78.6,77.06,6277178,491818907.93,shares,0
2022-11-30,78.0,79.3,77.44,78.93,78.6,4740833,371059112.29,shares,0
2022-12-01,79.51,81.97,78.6,78.6,78.93,8451754,679309450.82,shares,0
2022-12-02,77.89,79.4,77.6,77.78,78.6,4250237,333232852.25,shares,0
2022-12-05,78.41,79.23,76.39,77.92,77.78,5021860,389666622.59,shares,0
2022-12-06,78.08,81.08,77.56,80.03,77.92,8535864,681597621.41,shares,0
2022-12-07,79.2,79.79,77.57,78.27,80.03,6373819,499023058.53,shares,0
2022-12-08,77.63,78.36,77.0,77.06,78.27,3785394,292912590.02,shares,0
2022-12-09,77.06,78.95,77.0,78.29,77.06,5668915,443526128.65,shares,0
2022-12-12,78.6,81.0,77.13,79.65,78.29,8727373,696388352.22,shares,0
2022-12-13,78.98,79.1,77.48,77.8,79.65,4757363,371378330.18,shares,0
2022-12-14,80.0,80.93,77.77,77.86,77.8,6342231,503574561.72,shares,0
2022-12-15,77.01,80.25,75.85,78.92,77.86,6476724,511633546.99,shares,0
2022-12-16,78.31,78.59,76.77,77.25,78.92,4189844,324157353.74,shares,0
2022-12-19,76.51,77.18,73.99,74.25,77.25,4145168,311685574.7,shares,0
2022-12-20,74.26,75.5,73.81,74.7,74.25,2751717,205365304.2,shares,0
2022-12-21,74.66,75.43,71.58,72.61,74.7,3553192,259906631.33,shares,0
2022-12-22,73.03,73.57,71.24,71.81,72.61,3112656,225164456.9,shares,0
2022-12-23,71.01,71.77,69.07,69.99,71.81,3462536,243166208.92,shares,0
2022-12-26,70.11,72.19,70.02,71.78,69.99,2816915,201644221.48,shares,0
2022-12-27,72.1,72.99,71.26,72.65,71.78,2856028,206112875.92,shares,0
2022-12-28,72.59,72.8,71.67,71.75,72.65,2196022,158038111.82,shares,0
2022-12-29,72.39,72.48,71.07,71.09,71.75,2186213,156800909.98,shares,0
2022-12-30,71.58,72.17,70.33,70.44,71.09,2144324,152086947.16,shares,0
2023-01-03,70.46,71.47,69.8,71.22,70.44,2678540,189921506.89,shares,0
2023-01-04,71.22,72.33,69.68,69.98,71.22,3979566,281462924.34,shares,0
2023-01-05,70.18,70.93,69.68,70.42,69.98,2678910,188623715.0,shares,0
2023-01-06,70.05,71.73,69.57,71.04,70.42,4189597,297437437.43,shares,0
2023-01-09,70.6,72.37,70.58,71.01,71.04,4131997,294486335.05,shares,0
2023-01-10,70.91,72.6,70.66,71.81,71.01,4790544,344197967.84,shares,0
2023-01-11,71.68,73.08,71.4,71.53,71.81,4167481,301036341.67,shares,0
2023-01-12,71.53,71.75,69.8,70.2,71.53,4127182,290333540.45,shares,0
2023-01-13,70.2,70.7,69.66,70.21,70.2,2770736,193985394.41,shares,0
2023-01-16,69.66,75.8,69.51,75.56,70.21,10276940,749822608.14,shares,0
2023-01-17,75.05,77.76,74.82,76.62,75.56,8830494,677709873.56,shares,0
2023-01-18,76.9,76.92,75.68,76.59,76.62,4008035,305666541.37,shares,0
2023-01-19,76.62,80.0,76.18,79.73,76.59,8290231,652328497.46,shares,0
2023-01-20,79.11,80.29,78.93,79.99,79.73,5646676,450003561.58,shares,0
2023-01-30,80.33,80.92,78.21,79.72,79.99,5253655,419690377.8,shares,0
2023-01-31,79.01,79.96,77.66,77.85,79.72,4597033,359926685.66,shares,0
2023-02-01,77.87,80.08,77.87,79.48,77.85,4240653,334878130.88,shares,0
2023-02-02,79.64,81.0,79.12,79.13,79.48,6033678,482960342.46,shares,0
2023-02-03,78.52,79.78,77.5,78.92,79.13,4080859,319965646.35,shares,0
2023-02-06,78.08,79.36,77.76,77.9,78.92,2503595,195943351.45,shares,0
2023-02-07,78.49,78.67,77.25,78.19,77.9,2676475,208588523.52,shares,0
2023-02-08,78.6,80.39,77.18,77.31,78.19,4245142,333462309.33,shares,0
2023-02-09,76.8,80.7,76.31,80.3,77.31,8877473,706333263.53,shares,0
2023-02-10,81.0,84.49,80.1,80.72,80.3,11870010,977659200.09,shares,0
2023-02-13,80.5,82.87,78.91,81.28,80.72,10927557,879050621.77,shares,0
2023-02-14,80.77,83.7,79.39,79.76,81.28,7989970,646070255.46,shares,0
2023-02-15,79.51,81.0,78.68,80.7,79.76,6742888,538329538.02,shares,0
2023-02-16,81.94,86.68,80.61,83.58,80.7,19692251,1655629005.02,shares,0
2023-02-17,82.9,83.65,77.3,77.35,83.58,17250680,1376637925.56,shares,0
2023-02-20,76.95,77.33,74.61,76.99,77.35,9156501,693826999.06,shares,0
2023-02-21,76.68,77.69,75.77,76.6,76.99,5266043,403484880.69,shares,0
2023-02-22,75.56,77.59,75.51,76.99,76.6,3745874,286502550.18,shares,0
2023-02-23,76.8,77.4,76.01,76.9,76.99,3377300,259066042.87,shares,0
2023-02-24,77.7,78.27,76.86,77.0,76.9,4330585,335531507.95,shares,0
2023-02-27,75.8,76.7,74.51,74.88,77.0,4418725,333600469.35,shares,0
2023-02-28,75.32,75.78,74.34,75.7,74.88,2681879,201587255.77,shares,0
2023-03-01,75.2,76.69,75.09,76.47,75.7,4126335,313401011.77,shares,0
2023-03-02,76.5,78.1,76.22,76.42,76.47,4194328,322954723.72,shares,0
2023-03-03,78.8,79.51,77.07,77.9,76.42,7350862,576183786.64,shares,0
2023-03-06,77.0,77.98,76.12,77.1,77.9,5184605,399107271.31,shares,0
2023-03-07,77.1,77.55,74.88,74.88,77.1,4301838,326335250.18,shares,0
2023-03-08,74.51,76.22,74.45,76.12,74.88,3398571,256896088.1,shares,0
2023-03-09,76.13,77.28,75.73,75.88,76.12,4514276,345668035.51,shares,0
2023-03-10,74.94,75.98,73.81,73.97,75.88,4858115,363149973.3,shares,0
2023-03-13,73.75,74.7,73.0,73.91,73.97,3840741,283806669.16,shares,0
2023-03-14,73.39,78.15,73.16,77.77,73.91,10001459,759531528.75,shares,0
2023-03-15,78.44,78.8,77.06,77.19,77.77,6983114,543676350.93,shares,0
2023-03-16,76.5,78.85,76.5,77.35,77.19,6959258,541908536.93,shares,0
2023-03-17,78.5,79.12,77.34,78.37,77.35,8549343,668759797.41,shares,0
2023-03-20,78.32,81.1,78.0,79.54,78.37,10529485,841862865.61,shares,0
2023-03-21,79.6,80.2,78.6,79.64,79.54,5413692,429515980.39,shares,0
2023-03-22,79.74,80.9,78.92,80.16,79.64,6382580,510675388.43,shares,0
2023-03-23,79.5,85.8,79.5,85.36,80.16,17553334,1462294990.36,shares,0
2023-03-24,84.88,86.5,83.0,85.43,85.36,14503363,1229386477.8,shares,0
2023-03-27,84.68,85.72,82.8,83.54,85.43,11574382,973343544.84,shares,0
2023-03-28,82.82,83.6,81.6,81.83,83.54,7267818,598515953.11,shares,0
2023-03-29,81.8,85.45,81.3,84.43,81.83,12876270,1078553913.83,shares,0
2023-03-30,85.28,91.91,85.28,88.76,84.43,25999708,2323591447.19,shares,0
2023-03-31,88.01,89.66,86.95,89.01,88.76,12057134,1065062832.12,shares,0
2023-04-03,98.4,105.55,96.66,100.3,89.01,41677594,4201870219.68,shares,0
2023-04-04,100.02,112.58,100.02,110.24,100.3,47848834,5029786342.41,shares,0
2023-04-06,108.86,119.88,107.71,109.38,110.24,44198088,5044260628.02,shares,0
2023-04-07,111.79,115.9,108.51,112.98,109.38,34588719,3876455203.37,shares,0
2023-04-10,111.65,112.88,102.4,103.99,112.98,34731837,3744268254.92,shares,0
2023-04-11,107.0,113.15,106.76,109.12,103.99,33779993,3709068196.84,shares,0
2023-04-12,108.64,110.77,105.12,108.73,109.12,20958322,2271525807.14,shares,0
2023-04-13,106.6,107.5,104.0,104.61,108.73,16793157,1773504508.16,shares,0
2023-04-14,104.68,105.48,98.3,104.0,104.61,27006820,2766414698.24,shares,0
2023-04-17,103.0,106.0,101.68,102.2,104.0,15410129,1592900168.4,shares,0
2023-04-18,101.45,103.37,99.0,102.58,102.2,14230620,1436870915.16,shares,0
2023-04-19,101.17,105.4,101.0,101.81,102.58,17660113,1823285257.7,shares,0
2023-04-20,100.0,105.48,100.0,105.48,101.81,21699315,2245003371.7,shares,0
2023-04-21,104.1,104.1,93.93,95.75,105.48,26227954,2582722097.2,shares,0
2023-04-24,95.58,96.7,91.3,92.33,95.75,17121935,1597969438.73,shares,0
2023-04-25,93.78,96.6,92.4,93.23,92.33,16691596,1575019668.98,shares,0
2023-04-26,91.84,92.69,87.11,87.8,93.23,17449704,1556590205.75,shares,0
2023-04-27,87.91,90.61,87.06,87.83,87.8,11637821,1034314471.98,shares,0
2023-04-28,86.4,89.3,86.26,88.42,87.83,12023423,1060369053.18,shares,0
2023-05-04,87.03,87.74,83.5,84.05,88.42,13345885,1132964626.96,shares,0
2023-05-05,83.9,85.43,81.99,82.45,84.05,9605511,800055812.73,shares,0
2023-05-08,82.46,83.28,81.8,82.96,82.45,9250260,764189896.3,shares,0
2023-05-09,82.98,84.08,81.81,81.81,82.96,10862084,898443261.29,shares,0
2023-05-10,81.53,82.3,79.42,80.34,81.81,8247937,663575911.87,shares,0
2023-05-11,80.64,82.1,79.72,81.65,80.34,11400653,925479717.95,shares,0
2023-05-12,81.65,83.28,79.8,79.8,81.65,10593566,865178457.35,shares,0
2023-05-15,78.82,80.29,78.38,80.29,79.8,7131339,565510391.88,shares,0
2023-05-16,81.29,86.14,79.41,83.97,80.29,20500702,1710503639.17,shares,0
2023-05-17,83.96,87.93,82.65,85.14,83.97,18028223,1546670022.46,shares,0
2023-05-18,84.01,85.81,83.33,84.27,85.14,10878207,918535613.67,shares,0
2023-05-19,85.94,90.86,85.74,88.87,84.27,21757422,1934454353.07,shares,0
2023-05-22,95.2,95.99,89.77,91.38,88.87,24929824,2305300152.91,shares,0
2023-05-23,89.2,90.69,87.4,88.5,91.38,14514594,1292354930.28,shares,0
2023-05-24,87.3,91.36,85.56,88.71,88.5,16532043,1466997374.0,shares,0
2023-05-25,89.71,91.71,86.68,90.93,88.71,14632234,1305113167.31,shares,0
2023-05-26,90.21,96.0,89.63,94.01,90.93,21954511,2053104233.9,shares,0
2023-05-29,94.61,96.49,91.22,91.3,94.01,16488103,1540353021.67,shares,0
2023-05-30,90.6,93.8,89.19,93.77,91.3,14098050,1291384936.93,shares,0
2023-05-31,92.75,95.95,90.81,94.42,93.77,17822588,1668627427.01,shares,0
2023-06-01,92.76,94.9,91.68,92.06,94.42,14119588,1312793132.0,shares,0
2023-06-02,92.02,92.4,89.6,90.27,92.06,11430274,1035502391.37,shares,0
2023-06-05,89.67,91.76,88.91,89.12,90.27,9294289,838487404.63,shares,0
2023-06-06,88.5,88.9,84.87,85.0,89.12,11903767,1032884767.79,shares,0
2023-06-07,85.5,86.5,84.28,85.55,84.92,7012428,599266057.96,shares,0
2023-06-08,85.56,85.6,83.12,84.0,85.55,7152582,600152859.26,shares,0
2023-06-09,84.45,88.28,83.21,88.16,84.0,11895438,1019788633.35,shares,0
2023-06-12,87.11,89.92,87.0,88.26,88.16,8834000,782799965.52,shares,0
2023-06-13,88.05,94.83,87.91,94.23,88.26,20617437,1899411723.93,shares,0
2023-06-14,93.77,95.0,92.91,93.61,94.23,12121005,1136326458.05,shares,0
2023-06-15,94.0,94.3,91.19,91.4,93.61,10413373,960206099.56,shares,0
2023-06-16,91.01,93.85,90.49,93.36,91.4,11276973,1043686090.84,shares,0
2023-06-19,92.55,95.52,91.8,93.75,93.36,14743804,1386781188.01,shares,0
2023-06-20,92.7,93.63,91.75,92.3,93.75,10397946,961176904.26,shares,0
2023-06-21,91.9,92.2,86.8,86.82,92.3,12544969,1112546708.19,shares,0
2023-06-26,85.1,88.68,85.1,87.21,86.82,9362281,815629314.94,shares,0
2023-06-27,86.8,88.46,86.6,86.76,87.21,6746140,588741397.22,shares,0
2023-06-28,86.7,88.2,83.51,86.25,86.76,8090783,694656105.69,shares,0
2023-06-29,87.14,91.44,87.14,88.25,86.25,11276229,1006410309.64,shares,0
2023-06-30,87.4,88.8,85.96,88.31,88.25,7526723,660012401.9,shares,0
2023-07-03,88.0,88.7,86.58,87.35,88.31,7542975,659808605.96,shares,0
2023-07-04,87.34,92.46,85.58,91.4,87.35,17357585,1552749517.55,shares,0
2023-07-05,90.47,92.87,90.05,90.65,91.4,10923073,998880605.3,shares,0
2023-07-06,91.0,93.45,90.5,91.98,90.65,10559108,973148407.27,shares,0
2023-07-07,91.05,91.22,88.02,88.79,91.98,8773941,784419549.94,shares,0
2023-07-10,89.43,90.83,88.67,89.47,88.79,6232188,559952780.82,shares,0
2023-07-11,89.47,95.45,89.44,95.2,89.47,24256161,2284996383.45,shares,0
2023-07-12,95.22,99.2,94.6,94.6,95.2,25999038,2519076467.51,shares,0
2023-07-13,95.81,100.88,94.0,99.16,94.6,25269663,2484691122.61,shares,0
2023-07-14,99.05,100.79,97.17,97.35,99.16,15647096,1539489338.97,shares,0
2023-07-17,96.29,97.33,94.5,95.86,97.35,11567629,1106870858.0,shares,0
2023-07-18,96.01,98.7,94.0,94.19,95.86,13694337,1320223915.8,shares,0
2023-07-19,92.44,94.8,92.06,92.29,94.19,8638880,802652363.44,shares,0
2023-07-20,92.48,93.24,90.1,90.26,92.29,8243395,754380876.36,shares,0
2023-07-21,89.99,91.49,89.0,91.4,90.26,7483963,678637005.13,shares,0
2023-07-24,90.13,91.7,89.55,90.13,91.4,5780135,522905408.82,shares,0
2023-07-25,91.43,93.62,90.26,93.29,90.13,8812309,811784151.49,shares,0
2023-07-26,92.5,94.49,92.3,92.56,93.29,7014996,653864565.48,shares,0
2023-07-27,92.31,94.4,92.13,93.1,92.56,6404189,595748611.7,shares,0
2023-07-28,91.4,91.66,83.0,84.12,93.1,25507082,2184501687.01,shares,0
2023-07-31,82.9,84.79,81.31,83.81,84.12,11716986,977127494.51,shares,0
2023-08-01,83.6,84.99,83.38,83.93,83.81,7160233,602681280.7,shares,0
2023-08-02,83.76,84.43,82.7,83.01,83.93,5891646,492532110.32,shares,0
2023-08-03,82.25,83.0,80.65,81.55,83.01,9168760,748344785.74,shares,0
2023-08-04,81.58,82.2,79.2,80.72,81.55,11846337,952950062.18,shares,0
2023-08-07,80.69,81.52,80.4,81.15,80.72,5667226,459068349.25,shares,0
2023-08-08,79.68,80.98,78.78,80.13,81.15,6162696,493145232.16,shares,0
2023-08-09,79.79,80.42,79.5,79.81,80.13,4624986,369587738.68,shares,0
2023-08-10,79.81,80.6,79.81,80.42,79.81,4255991,341322245.93,shares,0
2023-08-11,80.43,80.5,78.6,79.03,80.42,5771005,458644092.63,shares,0
2023-08-14,78.08,78.48,76.58,78.11,79.03,5087994,394109745.58,shares,0
2023-08-15,78.2,78.79,75.89,76.8,78.11,5756284,444771579.97,shares,0
2023-08-16,76.0,77.0,74.86,75.0,76.8,5493701,415225675.24,shares,0
2023-08-17,74.1,75.9,74.1,75.39,75.0,4778928,359422581.12,shares,0
2023-08-18,75.21,76.0,73.75,73.8,75.39,3974492,298042758.35,shares,0
2023-08-21,74.39,74.39,72.38,72.38,73.8,3960950,289948516.5,shares,0
2023-08-22,73.0,73.58,70.88,73.26,72.38,6092117,441093445.51,shares,0
2023-08-23,73.02,73.13,71.25,71.28,73.26,3204275,230993609.17,shares,0
2023-08-24,71.77,73.48,71.15,72.39,71.28,4627530,334870901.53,shares,0
2023-08-25,71.5,71.95,69.62,70.49,72.39,5417246,382773400.97,shares,0
2023-08-28,74.49,75.2,70.0,70.4,70.49,6852826,494974166.33,shares,0
2023-08-29,69.65,72.99,69.61,72.34,70.4,7271948,522158094.01,shares,0
2023-08-30,72.4,75.24,72.4,73.43,72.34,9407916,695788186.76,shares,0
2023-08-31,72.72,74.44,72.05,73.84,73.43,6190649,455182589.87,shares,0
2023-09-01,74.9,76.1,73.69,74.0,73.84,6501408,486149385.41,shares,0
2023-09-04,74.03,76.39,73.7,76.25,74.0,7543859,566465704.3,shares,0
2023-09-05,75.99,78.18,75.6,76.55,76.25,9414384,725901377.43,shares,0
2023-09-06,76.0,78.28,76.0,77.79,76.55,8397352,648512447.53,shares,0
2023-09-07,77.35,77.59,75.82,75.82,77.79,6768365,518008286.27,shares,0
2023-09-08,74.99,76.66,74.82,75.96,75.82,3900866,296697716.05,shares,0
2023-09-11,75.8,76.79,75.41,76.18,75.96,4341735,330625447.4,shares,0
2023-09-12,76.18,76.75,75.26,75.28,76.18,3661912,276990600.61,shares,0
2023-09-13,75.34,77.17,74.26,75.5,75.28,5650642,427133734.96,shares,0
2023-09-14,74.88,75.3,73.76,73.9,75.5,4260714,316357402.86,shares,0
2023-09-15,74.33,77.0,73.12,75.38,73.9,7493155,564102679.1,shares,0
2023-09-18,74.55,75.08,74.0,74.33,75.38,4238173,315472327.49,shares,0
2023-09-19,74.3,76.28,73.2,75.15,74.33,6494709,486307866.36,shares,0
2023-09-20,74.8,75.85,73.6,73.67,75.15,4744327,354379769.65,shares,0
2023-09-21,73.29,74.56,73.2,74.16,73.67,3911890,289083689.97,shares,0
2023-09-22,73.77,76.59,72.52,76.37,74.16,7816549,588386471.38,shares,0
2023-09-25,76.19,76.19,74.07,74.2,76.37,5519325,412914619.73,shares,0
2023-09-26,74.01,74.74,72.52,72.89,74.2,4361133,320524574.16,shares,0
2023-09-27,72.75,74.2,72.72,73.46,72.89,3719341,272967204.15,shares,0
2023-09-28,73.45,74.39,73.15,73.71,73.46,3173295,234299787.06,shares,0
2023-10-09,73.58,75.86,73.58,74.99,73.71,5829471,436670192.44,shares,0
2023-10-10,74.83,77.49,74.37,76.81,74.99,8272595,629479013.39,shares,0
2023-10-11,76.45,77.79,75.8,76.83,76.81,6903433,529651079.95,shares,0
2023-10-12,76.87,77.08,75.61,76.49,76.83,4407360,336137908.27,shares,0
2023-10-13,76.0,77.43,75.65,76.63,76.49,5666430,433479382.5,shares,0
2023-10-16,76.05,76.3,67.17,67.9,76.63,14494812,1023195574.13,shares,0
2023-10-17,67.8,69.79,67.3,68.9,67.9,6705479,459329213.96,shares,0
2023-10-18,68.5,69.85,67.61,67.65,68.9,5369892,368037404.71,shares,0
2023-10-19,67.34,70.53,66.96,68.59,67.65,6638870,459822475.82,shares,0
2023-10-20,68.0,68.85,66.62,66.83,68.59,4712674,317145602.85,shares,0
2023-10-23,66.4,66.75,64.5,65.61,66.83,5027842,328355744.49,shares,0
2023-10-24,66.0,67.36,64.59,66.33,65.61,4665883,308076161.63,shares,0
2023-10-25,66.2,67.47,65.9,67.05,66.33,5210152,348239739.31,shares,0
2023-10-26,66.61,68.33,66.39,67.82,67.05,5522952,371772607.19,shares,0
2023-10-27,67.99,71.2,67.85,70.66,67.82,8876843,621176614.19,shares,0
2023-10-30,70.0,74.26,69.9,73.61,70.66,9490812,691409576.04,shares,0
2023-10-31,73.73,74.96,73.2,73.8,73.61,5975009,441799770.55,shares,0
2023-11-01,73.5,75.0,73.37,73.41,73.8,3952885,292274499.91,shares,0
2023-11-02,73.7,74.3,72.25,72.31,73.41,3803424,277885103.75,shares,0
2023-11-03,72.46,76.99,72.46,76.27,72.31,8899363,669237429.56,shares,0
2023-11-06,76.59,77.77,76.27,77.36,76.27,7443370,573368157.66,shares,0
2023-11-07,77.2,77.7,76.59,77.36,77.36,5814038,449322944.59,shares,0
2023-11-08,76.99,78.58,76.8,77.56,77.36,5784056,449780544.07,shares,0
2023-11-09,77.5,77.76,76.42,76.7,77.56,4824810,370959179.96,shares,0
2023-11-10,76.8,77.96,76.29,76.57,76.7,4341934,334212481.54,shares,0
2023-11-13,77.0,77.29,75.84,76.43,76.57,3492188,266599685.85,shares,0
2023-11-14,76.05,77.39,75.88,76.32,76.43,3522753,269594634.93,shares,0
2023-11-15,77.0,78.15,76.53,77.0,76.32,5599276,432834453.42,shares,0
2023-11-16,76.4,76.7,74.79,74.91,77.0,5618671,424060557.85,shares,0
2023-11-17,74.55,75.5,73.95,74.53,74.91,4183544,311982099.27,shares,0
2023-11-20,75.1,75.2,72.78,73.04,74.53,6967785,511655262.98,shares,0
2023-11-21,73.12,73.31,71.71,71.95,73.04,4663720,337944783.43,shares,0
2023-11-22,71.7,71.8,70.03,70.08,71.95,4636882,328077321.9,shares,0
2023-11-23,70.07,70.75,69.57,70.72,70.08,3149296,221415957.51,shares,0
2023-11-24,70.68,70.68,69.32,69.47,70.72,2945170,205592051.47,shares,0
2023-11-27,69.0,70.1,69.0,69.26,69.47,4418633,307275664.33,shares,0
2023-11-28,69.64,69.71,68.41,69.25,69.26,4164691,287561148.9,shares,0
2023-11-29,69.23,70.33,68.55,68.72,69.25,4436974,308229596.43,shares,0
2023-11-30,68.23,68.7,67.11,68.06,68.72,4249130,287899096.33,shares,0
2023-12-01,68.0,68.99,67.7,68.9,68.06,4757008,325337045.32,shares,0
2023-12-04,69.09,69.55,68.4,68.84,68.9,4779558,329520541.62,shares,0
2023-12-05,68.33,68.6,66.0,66.0,68.84,5149229,344785745.71,shares,0
2023-12-06,65.92,66.7,65.69,66.25,66.0,3934905,260843694.34,shares,0
2023-12-07,66.19,66.23,64.73,65.18,66.25,5315893,346498224.75,shares,0
2023-12-08,65.68,66.5,65.25,66.35,65.18,7302189,482177039.12,shares,0
2023-12-11,66.0,68.4,65.01,68.24,66.35,6500106,433860088.9,shares,0
2023-12-12,68.23,68.36,67.42,68.02,68.24,4954243,336216679.91,shares,0
2023-12-13,67.76,68.28,67.04,67.07,68.02,4028193,272837012.72,shares,0
2023-12-14,67.58,69.2,67.33,67.9,67.07,6216636,424212673.77,shares,0
2023-12-15,68.44,68.44,66.51,66.79,67.9,4142416,278560399.57,shares,0
2023-12-18,66.13,66.68,65.6,65.79,66.79,3115232,205926074.13,shares,0
2023-12-19,65.51,66.72,65.26,65.9,65.79,3238051,213320903.88,shares,0
2023-12-20,65.92,66.29,63.71,63.73,65.9,3843629,249094781.8,shares,0
2023-12-21,62.68,64.85,62.68,64.5,63.73,4092712,261888032.36,shares,0
2023-12-22,64.54,64.91,63.13,63.21,64.5,3880533,247313362.24,shares,0
2023-12-25,63.1,64.29,63.1,63.58,63.21,3263876,207938248.57,shares,0
2023-12-26,63.35,64.2,61.4,61.83,63.58,3542354,220244783.51,shares,0
2023-12-27,62.06,63.7,61.76,62.46,61.83,3723579,233432218.09,shares,0
2023-12-28,62.36,65.15,61.87,64.46,62.46,5927389,378891993.6,shares,0
2023-12-29,64.32,65.19,64.2,64.65,64.46,5001251,323138217.68,shares,0
2024-01-02,64.65,64.8,63.21,63.33,64.65,4375742,278357352.66,shares,0
2024-01-03,63.08,63.37,61.81,62.2,63.33,4170010,260140506.13,shares,0
2024-01-04,62.24,62.29,60.2,60.37,62.2,5145991,313563815.2,shares,0
2024-01-05,60.28,60.88,59.05,59.63,60.37,4030989,242447045.19,shares,0
2024-01-08,59.4,59.57,57.6,57.62,59.63,4150951,240937225.76,shares,0
2024-01-09,58.03,58.78,56.95,57.64,57.62,4526900,261660556.0,shares,0
2024-01-10,57.4,57.83,55.85,57.06,57.64,3681561,209528384.74,shares,0
2024-01-11,57.06,58.32,56.67,57.99,57.06,4151743,239564996.07,shares,0
2024-01-12,57.77,57.77,56.45,56.53,57.99,4565547,260260993.36,shares,0
2024-01-15,56.24,57.68,55.8,56.74,56.53,4408986,250746166.48,shares,0
2024-01-16,56.45,56.84,55.13,56.39,56.74,5157776,288800028.18,shares,0
2024-01-17,56.01,56.59,54.54,54.54,56.39,4159147,230240939.47,shares,0
2024-01-18,54.21,55.15,53.0,54.89,54.54,8452214,457116083.39,shares,0
2024-01-19,54.48,55.35,54.13,54.35,54.89,5893020,321706716.03,shares,0
2024-01-22,54.15,54.5,51.6,52.21,54.35,7733757,411901182.53,shares,0
2024-01-23,52.0,52.98,51.48,52.15,52.21,6296811,329662989.85,shares,0
2024-01-24,52.59,52.59,49.79,51.93,52.15,10138997,518756580.99,shares,0
2024-01-25,51.96,53.22,51.25,53.19,51.93,7671664,402709158.88,shares,0
2024-01-26,52.71,52.87,50.97,51.09,53.19,7290798,377306380.87,shares,0
2024-01-29,51.79,53.35,51.2,51.21,51.09,9361841,487665402.44,shares,0
2024-01-30,51.01,51.68,49.29,49.35,51.21,6418823,322977175.62,shares,0
2024-01-31,49.0,49.75,47.51,47.55,49.35,6641849,321315947.39,shares,0
2024-02-01,47.55,49.15,46.93,48.29,47.55,6308135,304063311.84,shares,0
2024-02-02,48.45,48.79,44.3,45.66,48.29,8617094,399595944.12,shares,0
2024-02-05,45.5,45.5,41.38,43.81,45.66,11481429,499815131.99,shares,0
2024-02-06,43.47,46.78,43.0,46.67,43.81,9085099,412367642.98,shares,0
2024-02-07,46.73,48.47,46.4,47.33,46.67,10711864,509377280.56,shares,0
2024-02-08,47.8,50.61,47.3,50.0,47.33,12055733,595257101.47,shares,0
2024-02-19,51.51,51.98,50.0,51.27,50.0,11582194,588537347.22,shares,0
2024-02-20,50.54,61.52,49.42,61.52,51.27,20545762,1126810111.47,shares,0
2024-02-21,63.41,72.33,61.63,66.23,61.52,43540264,2833209740.48,shares,0
2024-02-22,62.0,66.0,61.52,64.64,66.23,30838254,1970722958.94,shares,0
2024-02-23,64.63,69.69,63.27,66.07,64.64,32765528,2151066148.55,shares,0
2024-02-26,64.85,66.88,64.19,64.7,66.07,23843851,1554174415.44,shares,0
2024-02-27,64.0,66.38,62.71,66.13,64.7,25537026,1651179023.59,shares,0
2024-02-28,66.0,67.16,61.15,61.2,66.13,24618769,1588367559.15,shares,0
2024-02-29,60.5,65.64,60.27,65.55,61.2,24657694,1581578758.96,shares,0
2024-03-01,65.88,70.28,64.9,68.15,65.55,30741859,2063200372.01,shares,0
2024-03-04,67.9,68.98,66.05,67.59,68.15,20930169,1410126627.48,shares,0
2024-03-05,66.3,68.59,64.69,65.91,67.59,21196105,1419181327.94,shares,0
2024-03-06,64.5,65.88,64.01,64.65,65.91,14138082,916935422.2,shares,0
2024-03-07,64.74,65.73,62.64,62.7,64.65,13652796,873366173.77,shares,0
2024-03-08,63.04,65.3,62.56,65.04,62.7,14368656,923578602.31,shares,0
2024-03-11,64.04,65.5,63.4,65.08,65.04,12121519,782569023.34,shares,0
2024-03-12,64.7,69.5,64.67,66.87,65.08,23991582,1615511608.6,shares,0
2024-03-13,66.99,70.25,65.91,68.12,66.87,23595062,1605657627.66,shares,0
2024-03-14,67.05,67.43,65.06,66.54,68.12,14610340,969835020.49,shares,0
2024-03-15,66.4,67.5,65.21,67.41,66.54,11821600,786273436.52,shares,0
2024-03-18,68.1,68.4,66.52,68.23,67.41,14359920,971995620.56,shares,0
2024-03-19,68.23,71.13,67.38,67.38,68.23,20402917,1413058244.59,shares,0
2024-03-20,66.66,68.1,66.28,67.36,67.38,13281480,891182874.45,shares,0
2024-03-21,69.8,71.14,68.22,69.0,67.36,23266559,1622267807.09,shares,0
2024-03-22,69.83,71.08,68.53,69.13,69.0,23052434,1609102378.53,shares,0
2024-03-25,67.59,67.6,64.0,64.2,69.13,18383853,1213340781.73,shares,0
2024-03-26,64.06,67.3,64.06,64.19,64.2,14038064,917873861.62,shares,0
2024-03-27,64.01,64.01,60.0,60.21,64.19,12726648,783617219.97,shares,0
2024-03-28,60.27,62.51,60.0,61.18,60.21,11611199,711234708.59,shares,0
2024-03-29,61.15,61.98,60.17,61.8,61.18,7972575,486471504.15,shares,0
2024-04-01,62.26,63.3,61.7,63.1,61.8,8323844,520967165.73,shares,0
2024-04-02,63.77,64.0,60.88,61.25,63.1,8437679,523419179.99,shares,0
2024-04-03,61.04,63.7,60.58,62.62,61.25,11220359,699538481.9,shares,0
2024-04-08,61.71,62.89,60.66,60.82,62.62,7348600,453872002.24,shares,0
2024-04-09,61.0,62.0,59.51,61.99,60.82,6280237,381585266.85,shares,0
2024-04-10,61.7,61.76,58.4,59.71,61.99,8430815,505316150.92,shares,0
2024-04-11,59.0,63.18,58.7,61.72,59.71,11890379,734217161.01,shares,0
2024-04-12,61.0,63.01,61.0,61.75,61.72,8791028,545306481.54,shares,0
2024-04-15,61.47,62.98,61.0,62.47,61.75,9237644,572620085.42,shares,0
2024-04-16,61.5,62.35,60.2,60.38,62.47,7181028,439037780.58,shares,0
2024-04-17,61.88,65.55,61.5,65.35,60.38,15517400,992256634.48,shares,0
2024-04-18,64.5,65.16,63.66,63.79,65.35,10564581,681067619.35,shares,0
2024-04-19,63.36,63.5,61.08,61.7,63.79,9138383,566742830.33,shares,0
2024-04-22,60.45,62.23,59.06,61.5,61.7,6431844,391688087.31,shares,0
2024-04-23,61.7,62.5,60.7,61.05,61.5,5003062,306890982.24,shares,0
2024-04-24,61.29,62.85,60.9,62.85,61.05,8040160,500674097.73,shares,0
2024-04-25,59.6,62.2,59.11,60.6,62.85,10838699,656713918.09,shares,0
2024-04-26,60.6,62.29,60.42,61.83,60.6,8302555,511507588.9,shares,0
2024-04-29,61.88,63.7,61.88,63.02,61.83,9839591,619948258.05,shares,0
2024-04-30,62.79,64.19,62.69,63.89,63.02,9271891,590563748.95,shares,0
2024-05-06,65.01,65.3,64.01,64.02,63.89,8706387,562068149.67,shares,0
2024-05-07,64.3,65.5,63.55,64.16,64.02,7188503,463973063.49,shares,0
2024-05-08,63.91,63.99,62.67,62.94,64.16,5535587,349617420.96,shares,0
2024-05-09,62.95,64.48,62.8,64.29,62.94,6601544,421588347.86,shares,0
2024-05-10,64.74,64.74,62.37,63.04,64.29,7436308,470218381.43,shares,0
2024-05-13,62.43,63.51,61.26,62.6,63.04,5372090,336477095.79,shares,0
2024-05-14,62.61,63.74,61.71,62.13,62.6,4890667,305606651.43,shares,0
2024-05-15,62.0,62.33,59.94,60.09,62.13,6617791,402530996.88,shares,0
2024-05-16,60.66,60.98,60.0,60.1,60.09,4327829,261681225.14,shares,0
2024-05-17,59.98,60.5,59.37,60.49,60.1,4027749,241729324.06,shares,0
2024-05-20,60.45,60.96,60.0,60.36,60.49,4344765,262495120.16,shares,0
2024-05-21,60.16,60.47,59.7,59.76,60.36,3438700,206275280.0,shares,0
2024-05-22,59.8,60.33,59.58,60.28,59.76,3338254,200280817.06,shares,0
2024-05-23,60.37,60.37,59.0,59.0,60.28,3693998,220219211.91,shares,0
2024-05-24,59.12,59.46,55.81,55.83,59.0,7541805,430558879.22,shares,0
2024-05-27,56.2,57.28,54.69,57.28,55.83,5888814,330411938.7,shares,0
2024-05-28,57.3,59.14,56.52,57.47,57.08,8091433,469622042.72,shares,0
2024-05-29,56.95,57.5,56.36,56.61,57.47,4424460,251429176.84,shares,0
2024-05-30,56.58,59.31,55.89,58.37,56.61,8342976,483106722.92,shares,0
2024-05-31,58.1,58.93,57.84,58.22,58.37,5698400,332296341.82,shares,0
2024-06-03,59.17,61.13,58.99,60.22,58.22,12566213,757938017.39,shares,0
2024-06-04,59.54,60.02,58.78,59.59,60.22,6436026,381355198.44,shares,0
2024-06-05,59.37,60.64,59.22,59.33,59.59,6303726,379090376.85,shares,0
2024-06-06,60.0,60.64,58.31,58.45,59.33,7248313,431221838.73,shares,0
2024-06-07,58.6,59.61,57.57,57.8,58.45,5281231,308351539.09,shares,0
2024-06-11,58.0,60.3,57.92,60.11,57.8,8964555,533588560.38,shares,0
2024-06-12,59.91,60.47,59.51,59.87,60.11,7049864,422645190.48,shares,0
2024-06-13,60.99,61.36,60.03,60.08,59.87,10932757,664328579.85,shares,0
2024-06-14,59.41,61.35,59.07,60.77,60.08,11865993,716448772.65,shares,0
2024-06-17,60.4,61.6,60.3,60.93,60.77,9843363,601062253.27,shares,0
2024-06-18,60.87,61.37,59.91,60.43,60.93,7954472,482126778.04,shares,0
2024-06-19,61.1,61.49,59.15,59.98,60.43,8213216,493666327.22,shares,0
2024-06-20,59.6,60.8,58.5,58.62,59.98,9443442,564244989.84,shares,0
2024-06-21,57.5,59.06,56.6,58.81,58.62,6285805,365157763.65,shares,0
2024-06-24,58.8,59.55,56.68,56.75,58.81,6726713,391043537.71,shares,0
2024-06-25,56.75,56.94,52.99,53.69,56.75,9799480,534055286.25,shares,0
2024-06-26,53.0,55.33,52.88,54.98,53.69,8794865,476474844.21,shares,0
2024-06-27,54.53,57.58,54.38,55.18,54.98,8262762,463267403.26,shares,0
2024-06-28,54.75,56.19,54.65,55.44,55.18,5989303,332558248.71,shares,0
2024-07-01,55.09,55.76,53.59,55.51,55.44,4717300,257968612.0,shares,0
2024-07-02,55.42,55.54,54.01,54.16,55.51,3606680,197464221.15,shares,0
2024-07-03,54.07,55.4,53.54,54.6,54.16,4128681,225164601.44,shares,0
2024-07-04,54.61,54.98,53.5,53.57,54.6,4234280,229372009.96,shares,0
2024-07-05,53.41,54.03,52.66,53.63,53.57,3237172,172549533.76,shares,0
2024-07-08,53.87,54.57,52.74,52.89,53.63,4271260,229618141.45,shares,0
2024-07-09,52.66,55.39,52.38,55.27,52.89,8694290,472157928.34,shares,0
2024-07-10,54.67,55.85,54.54,55.42,55.27,5263060,291734525.2,shares,0
2024-07-11,56.3,56.76,55.6,55.87,55.42,7260158,407172963.98,shares,0
2024-07-12,55.3,56.03,54.76,55.76,55.87,4709659,260645778.13,shares,0
2024-07-15,55.79,56.6,55.45,55.6,55.76,4289342,240154617.88,shares,0
2024-07-16,55.51,57.14,55.06,56.97,55.6,6732131,378937353.1,shares,0
2024-07-17,56.74,57.39,56.4,56.52,56.97,5649477,321564695.55,shares,0
2024-07-18,55.78,56.88,54.53,56.43,56.52,6410184,357278114.92,shares,0
2024-07-19,56.06,62.26,55.9,60.11,56.43,18000227,1074322937.97,shares,0
2024-07-22,60.0,60.77,59.33,60.09,60.11,9295422,558282134.91,shares,0
2024-07-23,60.0,60.0,57.05,57.07,60.09,8258674,481921449.32,shares,0
2024-07-24,56.45,57.79,55.89,56.08,57.07,6856574,389591588.66,shares,0
2024-07-25,55.62,55.94,54.67,55.08,56.08,6448802,355723726.12,shares,0
2024-07-26,54.78,55.72,54.26,54.78,55.08,5632774,309455287.3,shares,0
2024-07-29,54.8,54.92,53.72,53.72,54.78,4720048,255463892.28,shares,0
2024-07-30,53.5,54.37,52.78,54.26,53.72,4689905,252004317.19,shares,0
2024-07-31,54.06,55.89,53.81,55.85,54.26,6413074,354482632.11,shares,0
2024-08-01,55.99,57.5,55.38,56.6,55.85,8128305,458863868.82,shares,0
2024-08-02,56.01,56.59,54.68,54.98,56.6,5942348,330663764.49,shares,0
2024-08-05,54.27,55.16,52.51,52.52,54.98,6613369,353857568.24,shares,0
2024-08-06,53.5,53.6,51.92,52.8,52.52,5449785,286215324.0,shares,0
2024-08-07,52.71,52.98,50.6,51.23,52.8,5364567,278395565.08,shares,0
2024-08-08,50.65,51.69,49.88,50.26,51.23,6062981,306909492.98,shares,0
2024-08-09,50.84,51.4,50.6,50.6,50.26,4910258,250109270.21,shares,0
2024-08-12,49.58,50.03,48.05,48.34,50.6,7057096,344761675.45,shares,0
2024-08-13,48.41,48.99,48.1,48.6,48.34,3505803,170085605.31,shares,0
2024-08-14,48.61,48.98,48.1,48.25,48.6,4218380,204230379.6,shares,0
2024-08-15,48.2,49.2,47.69,48.7,48.25,4277470,208199212.75,shares,0
2024-08-16,49.0,49.1,48.22,48.23,48.7,3037000,147742950.1,shares,0
2024-08-19,48.39,48.94,48.02,48.1,48.23,2661500,129075401.7,shares,0
2024-08-20,48.18,48.55,46.5,46.69,48.1,5178621,244408219.45,shares,0
2024-08-21,46.37,46.8,45.2,45.34,46.69,7914048,361924409.96,shares,0
2024-08-22,45.32,45.87,44.95,45.24,45.34,5582088,253633494.99,shares,0
2024-08-23,45.04,45.36,44.26,44.38,45.24,4824249,215272021.79,shares,0
2024-08-26,44.35,44.78,43.92,44.28,44.38,4326039,191452701.01,shares,0
2024-08-27,44.25,44.41,43.5,43.7,44.28,4514353,198212277.18,shares,0
2024-08-28,43.5,44.25,43.36,44.12,43.7,4374088,191761850.86,shares,0
2024-08-29,44.1,45.89,43.8,45.51,44.12,6589572,297596446.56,shares,0
2024-08-30,45.32,47.08,45.01,46.68,45.51,6668902,310337955.15,shares,0
2024-09-02,46.23,46.9,44.95,44.95,46.68,5360515,245267447.16,shares,0
2024-09-03,44.95,46.47,44.66,45.89,44.95,4915506,225702138.33,shares,0
2024-09-04,45.29,46.25,45.29,45.66,45.89,3698011,169373479.8,shares,0
2024-09-05,45.56,46.46,45.56,46.17,45.66,4478900,206465389.4,shares,0
2024-09-06,46.17,46.29,45.14,45.26,46.17,3066259,139549075.95,shares,0
2024-09-09,44.88,45.56,44.7,45.01,45.26,2764706,124533772.86,shares,0
2024-09-10,45.0,45.65,44.2,45.28,45.01,3040501,136455196.99,shares,0
2024-09-11,45.14,45.53,44.9,45.42,45.28,2223400,100728125.0,shares,0
2024-09-12,45.64,46.15,44.71,44.72,45.42,2750156,124760084.74,shares,0
2024-09-13,44.8,45.0,44.0,44.0,44.72,2619139,116460756.0,shares,0
2024-09-18,44.69,44.69,43.23,43.6,44.0,2678397,116963190.68,shares,0
2024-09-19,44.0,45.1,43.55,44.3,43.6,3928291,174027751.71,shares,0
2024-09-20,44.3,44.62,43.3,43.77,44.3,3765369,164852042.93,shares,0
2024-09-23,43.7,44.25,43.06,43.09,43.77,3273800,142643412.38,shares,0
2024-09-24,43.54,45.61,42.8,45.6,43.09,8132895,360763616.55,shares,0
2024-09-25,46.2,47.3,46.06,46.39,45.6,8095355,377959482.63,shares,0
2024-09-26,46.63,48.95,46.26,48.94,46.39,10976175,523955270.13,shares,0
2024-09-27,49.58,55.0,49.58,54.18,48.94,15553276,812212311.75,shares,0
2024-09-30,58.72,65.0,56.77,64.92,54.18,25534191,1564255834.27,shares,0
2024-10-08,77.9,77.9,74.01,77.9,64.92,27542658,2134982053.2,shares,0
2024-10-09,76.0,89.14,73.0,78.65,77.9,53531837,4351672553.41,shares,0
2024-10-10,78.6,79.68,70.64,72.9,78.65,31492849,2364607494.14,shares,0
2024-10-11,70.08,73.8,64.88,66.02,72.9,23450857,1583663881.43,shares,0
2024-10-14,66.01,68.45,62.86,67.98,66.02,23563189,1554945462.01,shares,0
2024-10-15,67.4,70.36,66.01,66.12,67.98,21635807,1473863509.59,shares,0
2024-10-16,64.01,66.26,63.56,64.7,66.12,13118345,853087273.74,shares,0
2024-10-17,66.4,66.54,64.0,64.01,64.7,13497960,880915804.47,shares,0
2024-10-18,63.58,76.47,63.58,72.25,64.01,33319065,2315908564.77,shares,0
2024-10-21,73.96,79.8,72.67,73.61,72.25,36913067,2776363072.21,shares,0
2024-10-22,73.56,74.7,71.45,72.76,73.61,22803541,1666840337.36,shares,0
2024-10-23,72.0,73.76,71.36,71.98,72.76,15185174,1097149079.7,shares,0
2024-10-24,71.36,73.68,70.98,71.85,71.98,16291564,1178423200.45,shares,0
2024-10-25,72.0,75.5,71.4,73.66,71.85,17695195,1301321697.3,shares,0
2024-10-28,72.0,72.56,70.68,72.4,73.66,14129521,1013921650.39,shares,0
2024-10-29,72.39,76.18,71.7,73.05,72.4,21470443,1588661334.49,shares,0
2024-10-30,72.0,72.89,69.99,71.34,73.05,15991920,1142381216.48,shares,0
2024-10-31,70.8,74.0,69.71,72.88,71.34,19964735,1441399709.47,shares,0
2024-11-01,71.77,72.4,68.5,68.63,72.88,16182829,1132736091.91,shares,0
2024-11-04,67.72,69.97,67.7,69.58,68.63,8117204,562229610.98,shares,0
2024-11-05,69.4,72.91,69.2,72.47,69.58,16099220,1157256365.1,shares,0
2024-11-06,72.75,74.45,71.88,73.03,72.47,17695609,1297161622.39,shares,0
2024-11-07,73.07,75.55,72.73,74.98,73.03,16230381,1204395901.25,shares,0
2024-11-08,77.68,78.87,72.8,72.97,74.98,29112507,2206917214.75,shares,0
2024-11-11,73.21,77.48,73.21,76.76,72.97,31392990,2385580034.9,shares,0
2024-11-12,77.17,81.8,74.79,79.99,76.76,38214166,2981670492.02,shares,0
2024-11-13,80.15,83.77,76.6,83.5,79.99,39562571,3166047451.31,shares,0
2024-11-14,82.3,83.0,77.11,78.11,83.5,24130638,1945658959.41,shares,0
2024-11-15,78.5,79.27,73.17,73.2,78.11,22437010,1709703623.36,shares,0
2024-11-18,73.19,74.99,71.22,73.34,73.2,17017576,1246409692.33,shares,0
2024-11-19,73.34,75.97,73.12,75.97,73.34,14424557,1079568362.09,shares,0
2024-11-20,75.24,75.85,74.24,74.77,75.97,13136264,983950379.5,shares,0
2024-11-21,74.48,75.37,71.0,72.07,74.77,15268164,1121909450.42,shares,0
2024-11-22,72.0,73.02,68.0,68.1,72.07,16166369,1139061899.46,shares,0
2024-11-25,68.1,68.9,65.59,67.3,68.1,11206141,750968809.58,shares,0
2024-11-26,67.03,67.8,65.89,65.9,67.3,6832276,455957384.83,shares,0
2024-11-27,65.62,69.19,64.58,68.66,65.9,12157022,814877507.67,shares,0
2024-11-28,68.01,69.26,67.42,67.54,68.66,9118280,623190058.28,shares,0
2024-11-29,66.9,70.28,66.51,68.98,67.54,11175243,766737812.56,shares,0
2024-12-02,68.5,69.95,68.23,69.31,68.98,9040586,626022035.67,shares,0
2024-12-03,69.42,69.86,67.31,68.21,69.31,9186260,628408275.26,shares,0
2024-12-04,71.5,73.38,69.5,70.0,68.21,18588144,1326718693.54,shares,0
2024-12-05,68.84,69.98,68.75,69.45,70.0,9536800,661081129.48,shares,0
2024-12-06,69.4,70.48,68.18,70.05,69.45,11852050,824182197.42,shares,0
2024-12-09,69.62,70.15,67.96,68.59,70.05,9936873,685044030.45,shares,0
2024-12-10,71.57,71.8,68.91,69.18,68.59,16020843,1127194458.94,shares,0
2024-12-11,68.97,70.36,68.51,70.0,69.18,11158430,775563237.64,shares,0
2024-12-12,69.55,69.91,68.51,69.78,70.0,10403019,720362379.98,shares,0
2024-12-13,68.91,73.12,68.81,71.12,69.78,31131848,2219133883.46,shares,0
2024-12-16,72.02,72.27,68.0,68.61,71.12,20642313,1454440931.43,shares,0
2024-12-17,67.82,70.22,66.89,68.42,68.61,16992250,1160344030.68,shares,0
2024-12-18,68.08,74.3,67.0,73.5,68.42,32542817,2329326907.83,shares,0
2024-12-19,71.8,75.24,71.45,74.61,73.5,28477389,2103761027.38,shares,0
2024-12-20,74.0,77.34,73.8,74.49,74.61,31463012,2368448766.35,shares,0
2024-12-23,74.03,75.15,72.9,74.78,74.49,21471022,1587994787.95,shares,0
2024-12-24,75.0,75.49,72.1,74.66,74.78,18079061,1331622923.62,shares,0
2024-12-25,73.72,75.12,72.48,72.75,74.66,12509109,921321637.62,shares,0
2024-12-26,72.51,75.36,72.16,74.75,72.75,17141872,1274986283.26,shares,0
2024-12-27,74.78,76.72,73.23,73.29,74.75,18288810,1372988944.33,shares,0
2024-12-30,72.96,74.79,72.02,73.3,73.29,11186449,821778514.71,shares,0
2024-12-31,73.25,74.0,68.11,68.2,73.3,16985082,1197068626.69,shares,0
2025-01-02,68.2,68.2,63.28,64.33,68.2,15512528,1018454446.1,shares,0
2025-01-03,64.35,64.85,61.68,61.77,64.33,11579154,731440922.58,shares,0
2025-01-06,61.44,62.62,60.4,61.18,61.77,7839631,480838381.81,shares,0
2025-01-07,61.5,62.89,61.08,62.7,61.18,8847455,547653726.42,shares,0
2025-01-08,62.02,63.71,59.87,62.65,62.7,10612726,656910096.18,shares,0
2025-01-09,62.16,64.0,62.16,62.61,62.65,8696854,549968043.15,shares,0
2025-01-10,62.11,63.98,60.9,60.9,62.61,9696736,606359894.8,shares,0
2025-01-13,60.0,61.9,59.95,61.38,60.9,6683055,407288452.11,shares,0
2025-01-14,61.8,64.92,61.09,64.75,61.38,12321201,780825521.25,shares,0
2025-01-15,64.75,65.2,63.94,64.17,64.75,8081067,521028788.31,shares,0
2025-01-16,64.4,65.5,63.2,63.98,64.17,9092702,584684724.32,shares,0
2025-01-17,63.38,66.85,63.33,65.54,63.98,13031625,851541189.87,shares,0
2025-01-20,65.6,65.69,64.23,64.48,65.54,9688454,629622647.19,shares,0
2025-01-21,64.73,66.28,63.89,66.11,64.48,11240519,733616624.35,shares,0
2025-01-22,65.52,67.35,65.31,66.8,66.11,11924203,792490115.39,shares,0
2025-01-23,68.38,68.68,65.81,65.81,66.8,10873288,731538912.1,shares,0
2025-01-24,65.5,66.96,65.3,66.51,65.81,7701023,510080235.19,shares,0
2025-01-27,66.7,66.85,64.4,64.4,66.51,6824377,446550277.57,shares,0
2025-02-05,66.89,77.28,66.23,73.37,64.4,39028520,2840536386.13,shares,0
2025-02-06,72.05,78.0,71.38,76.7,73.37,39645089,3001534956.0,shares,0
2025-02-07,77.5,78.91,75.01,77.08,76.7,39901385,3074533833.06,shares,0
2025-02-10,77.23,80.39,76.63,78.39,77.08,34221582,2699477025.9,shares,0
2025-02-11,77.1,80.0,76.0,76.19,78.39,28189126,2184967631.62,shares,0
2025-02-12,75.19,80.04,74.31,80.02,76.19,37965488,2925099338.02,shares,0
2025-02-13,79.0,81.85,78.41,78.88,80.02,33611850,2685852983.58,shares,0
2025-02-14,77.5,79.08,75.56,78.28,78.88,24471243,1891649463.18,shares,0
2025-02-17,78.5,82.43,76.54,81.2,78.28,35381990,2805907697.5,shares,0
2025-02-18,80.25,80.25,74.22,74.58,81.2,37885581,2925863549.75,shares,0
2025-02-19,74.56,77.66,74.56,77.48,74.58,26283778,2013362580.4,shares,0
2025-02-20,77.48,78.88,76.53,77.1,77.48,20566209,1596731435.24,shares,0
2025-02-21,77.11,80.33,76.6,79.67,77.1,29355241,2315371358.72,shares,0
2025-02-24,79.25,89.03,78.7,85.96,79.67,57645749,4868345975.94,shares,0
2025-02-25,83.88,93.98,83.7,90.0,85.96,54651966,4849249212.95,shares,0
2025-02-26,89.49,94.39,86.1,92.18,90.0,63116188,5702689836.12,shares,0
2025-02-27,93.17,94.8,88.88,92.5,92.18,44370838,4057857043.01,shares,0
2025-02-28,92.0,92.63,85.05,85.05,92.5,41955439,3679255444.59,shares,0
2025-03-03,86.45,86.97,81.69,82.83,85.05,29758982,2486190192.33,shares,0
2025-03-04,81.01,95.08,80.2,92.0,82.83,55235768,4870230796.22,shares,0
2025-03-05,93.1,95.67,90.1,91.01,92.0,48972135,4547166809.74,shares,0
2025-03-06,89.98,91.23,87.28,87.4,91.01,48642567,4312608247.35,shares,0
2025-03-07,85.49,87.59,82.98,85.77,87.4,39872154,3393661569.14,shares,0
2025-03-10,84.4,85.77,83.62,85.0,85.77,20625991,1744406418.87,shares,0
2025-03-11,83.39,84.65,80.95,82.21,85.0,25985776,2145730115.17,shares,0
2025-03-12,82.28,84.03,81.82,81.92,82.21,20109837,1664298247.19,shares,0
2025-03-13,81.03,81.91,76.63,77.15,81.92,30430335,2386782692.15,shares,0
2025-03-14,77.05,79.88,76.96,79.14,77.15,20681885,1623969422.02,shares,0
2025-03-17,79.5,79.66,78.11,78.71,79.14,14802582,1168213089.67,shares,0
2025-03-18,78.98,80.77,78.5,78.81,78.71,16752903,1330169031.34,shares,0
2025-03-19,78.28,79.58,77.41,77.87,78.81,13816882,1077821110.39,shares,0
2025-03-20,77.63,78.45,77.01,77.05,77.87,10923204,849060460.13,shares,0
2025-03-21,76.25,77.38,74.55,74.83,77.05,16083108,1214356137.84,shares,0
2025-03-24,74.8,75.17,71.85,73.63,74.83,14298163,1049195629.9,shares,0
2025-03-25,73.5,73.98,71.85,72.29,73.63,8868215,645435243.65,shares,0
2025-03-26,72.28,73.65,72.02,72.54,72.29,11013051,803921871.37,shares,0
2025-03-27,72.55,74.62,72.03,72.88,72.54,12962351,950220946.07,shares,0
2025-03-28,72.87,73.75,72.11,72.77,72.88,8987107,654847514.71,shares,0
2025-03-31,72.16,73.0,70.38,71.7,72.77,11138033,794065631.66,shares,0
2025-04-01,71.8,72.41,71.2,71.2,71.7,7235135,519088910.57,shares,0
2025-04-02,71.32,72.05,70.91,71.18,71.2,5896436,420905787.29,shares,0
2025-04-03,70.41,71.64,69.61,70.6,71.18,8933008,631296932.28,shares,0
2025-04-07,66.07,68.0,56.95,60.4,70.6,23791249,1507396012.47,shares,0
2025-04-08,62.0,63.86,60.26,61.29,60.4,17475467,1083270974.76,shares,0
2025-04-09,60.31,65.06,58.0,63.92,61.29,19635777,1233112395.94,shares,0
2025-04-10,65.53,67.32,65.0,65.03,63.92,16717652,1103301537.24,shares,0
2025-04-11,64.11,70.58,64.11,68.46,65.03,28088339,1910889765.38,shares,0
2025-04-14,69.51,70.47,68.28,69.35,68.46,20654047,1435508104.54,shares,0
2025-04-15,69.07,70.4,68.01,69.11,69.35,11690331,806206437.98,shares,0
2025-04-16,69.09,69.76,67.04,68.34,69.11,9190582,629030458.46,shares,0
2025-04-17,67.52,69.8,67.52,68.0,68.34,9845415,678271298.13,shares,0
2025-04-18,67.8,68.3,67.21,67.71,68.0,6267748,424587138.44,shares,0
2025-04-21,67.51,68.2,67.0,67.89,67.71,8402340,568495587.65,shares,0
2025-04-22,67.31,67.77,66.5,66.84,67.89,8590408,577180994.52,shares,0
2025-04-23,67.57,68.17,66.75,67.59,66.84,8162833,550656766.38,shares,0
2025-04-24,67.65,67.66,65.8,65.94,67.59,7378080,490558586.1,shares,0
2025-04-25,65.94,66.7,65.32,65.8,65.94,7188472,474232609.99,shares,0
2025-04-28,65.49,66.35,65.12,65.35,65.8,5148220,338214470.7,shares,0
2025-04-29,65.05,67.26,64.89,66.76,65.35,8673528,573680768.01,shares,0
2025-04-30,66.6,68.37,66.15,67.85,66.76,10072930,681129775.32,shares,0
2025-05-06,68.32,70.68,68.32,70.6,67.85,12636625,884563310.65,shares,0
2025-05-07,71.2,71.88,68.8,69.5,70.6,11542254,809044987.48,shares,0
2025-05-08,69.49,70.08,69.3,69.69,69.5,7080556,493871993.05,shares,0
2025-05-09,69.64,69.64,67.74,67.88,69.69,7868100,536348322.46,shares,0
2025-05-12,68.08,69.49,68.08,69.05,67.88,6717536,462371547.44,shares,0
2025-05-13,69.62,70.3,68.4,68.5,69.05,7738077,535708531.59,shares,0
2025-05-14,68.88,69.44,67.97,68.88,68.5,7347151,504708555.43,shares,0
2025-05-15,69.15,69.15,66.85,66.85,68.88,6669328,450747647.52,shares,0
2025-05-16,66.61,67.35,66.53,66.54,66.85,4508400,301537683.88,shares,0
2025-05-19,66.0,67.15,66.0,66.7,66.54,3904675,259890922.52,shares,0
2025-05-20,66.73,67.87,66.3,67.73,66.7,6382429,428534961.69,shares,0
2025-05-21,67.53,67.53,66.0,66.55,67.73,5348862,357019678.64,shares,0
2025-05-22,66.11,67.33,66.1,66.26,66.55,4634453,308667047.79,shares,0
2025-05-23,66.15,66.15,64.51,64.62,66.26,7257704,473565261.84,shares,0
2025-05-26,64.62,65.19,64.32,65.13,64.62,4733372,306504083.88,shares,0
2025-05-27,64.97,65.03,63.25,63.37,65.13,6699930,428296223.21,shares,0
2025-05-28,63.71,64.2,62.89,63.53,63.37,5277024,334982847.16,shares,0
2025-05-29,63.75,65.79,63.48,65.4,63.53,8460096,547192203.74,shares,0
2025-05-30,65.0,65.02,63.34,63.45,65.4,6271570,400501390.56,shares,0
2025-06-03,62.82,64.22,62.8,63.49,63.45,4761862,303730572.84,shares,0
2025-06-04,63.55,64.49,63.55,64.04,63.49,4018469,257397105.99,shares,0
2025-06-05,64.28,65.79,63.9,65.23,64.04,7946955,515372074.24,shares,0
2025-06-06,65.14,67.23,64.78,66.29,65.23,11324188,749785235.31,shares,0
2025-06-09,66.29,66.73,65.63,66.48,66.29,6863183,454696071.52,shares,0
2025-06-10,66.49,66.68,64.16,64.7,66.48,8138435,529700310.0,shares,0
2025-06-11,64.6,65.99,64.5,65.02,64.7,5648464,368906568.64,shares,0
2025-06-12,64.5,65.3,63.95,63.95,65.02,6180986,398313921.15,shares,0
2025-06-13,63.53,64.25,62.7,62.99,63.95,6902574,436125524.79,shares,0
2025-06-16,62.5,66.0,62.5,64.91,62.99,10367511,670995786.85,shares,0
2025-06-17,64.88,66.46,64.64,65.6,64.91,10365616,679324783.89,shares,0
2025-06-18,65.28,66.66,64.99,66.0,65.6,10561755,696539015.32,shares,0
2025-06-19,65.55,66.6,65.1,65.6,66.0,8542007,563197132.06,shares,0
2025-06-20,65.5,66.08,64.47,64.5,65.6,7352976,478458536.02,shares,0
2025-06-23,64.32,66.3,64.06,65.63,64.5,7278313,476252192.96,shares,0
2025-06-24,66.01,67.66,66.01,67.46,65.53,13536983,908491749.4,shares,0
2025-06-25,68.1,68.74,67.17,68.7,67.46,15432483,1052128647.55,shares,0
2025-06-26,68.58,70.32,67.8,68.1,68.7,13201820,904373572.15,shares,0
2025-06-27,68.75,69.58,67.87,68.49,68.1,12328447,847804574.26,shares,0
2025-06-30,68.95,69.48,68.71,69.2,68.49,10839636,748771133.84,shares,0
2025-07-01,69.36,69.88,68.22,68.36,69.2,10472558,720875193.59,shares,0
2025-07-02,67.83,67.94,66.37,66.84,68.36,10352478,693156454.9,shares,0
2025-07-03,66.71,67.45,66.51,67.05,66.84,6848283,458628321.9,shares,0
2025-07-04,67.1,67.47,65.67,66.31,67.05,10187521,676287884.02,shares,0
2025-07-07,66.35,66.63,65.84,66.04,66.31,5591554,369806309.46,shares,0
2025-07-08,66.55,67.48,66.3,67.31,66.04,8911836,598037332.41,shares,0
2025-07-09,67.3,67.38,66.38,66.57,67.31,7358725,491732292.5,shares,0
2025-07-10,66.56,66.78,66.01,66.36,66.57,5763900,382407997.0,shares,0
2025-07-11,66.21,67.4,66.11,67.02,66.36,9160494,613511219.82,shares,0
2025-07-14,67.0,67.2,66.61,66.93,67.02,5826714,390095112.54,shares,0
2025-07-15,66.77,67.2,65.88,66.42,66.93,8317206,552545074.94,shares,0
2025-07-16,66.31,67.78,66.2,66.68,66.42,9284950,623138665.52,shares,0
2025-07-17,66.5,67.9,66.06,67.88,66.68,11117678,748530990.43,shares,0
2025-07-18,67.88,68.18,66.73,67.12,67.88,10014668,674163051.34,shares,0
2025-07-21,67.12,67.34,66.86,67.17,67.12,5977455,401201702.69,shares,0
2025-07-22,66.5,66.5,65.26,65.28,67.17,16273446,1067038413.36,shares,0
2025-07-23,65.25,66.35,65.05,65.51,65.28,9307351,611548924.93,shares,0
2025-07-24,65.5,68.6,65.33,67.76,65.51,18678784,1258431290.25,shares,0
2025-07-25,67.98,68.58,67.45,68.56,67.76,13666410,929713878.72,shares,0
2025-07-28,68.6,68.71,67.9,68.25,68.56,9289316,633615007.48,shares,0
2025-07-29,67.92,68.68,67.88,68.46,68.25,10414329,710788204.98,shares,0
2025-07-30,68.43,70.29,67.44,67.97,68.46,20539503,1417444533.83,shares,0
2025-07-31,67.56,68.91,66.62,66.75,67.97,14661948,993205976.29,shares,0
2025-08-01,66.9,67.69,65.9,66.42,66.75,9684778,645307922.12,shares,0
2025-08-04,66.18,66.98,66.01,66.88,66.42,6745508,449212005.84,shares,0
2025-08-05,67.17,67.2,66.53,66.96,66.88,7347340,490989612.46,shares,0
2025-08-06,66.84,68.2,66.4,68.02,66.96,11097030,747927402.26,shares,0
2025-08-07,68.08,69.75,67.75,68.82,68.02,18319778,1259290418.91,shares,0
2025-08-08,68.36,68.48,67.02,67.13,68.82,11607765,785342224.31,shares,0
2025-08-11,67.48,69.36,67.38,68.52,67.13,12246099,839896738.82,shares,0
2025-08-12,69.01,70.16,68.19,69.62,68.52,19186831,1330895388.21,shares,0
2025-08-13,69.54,70.08,69.13,69.48,69.62,16449244,1144616945.25,shares,0
2025-08-14,69.48,71.2,68.67,68.9,69.48,22561851,1579528482.69,shares,0
2025-08-15,68.5,70.5,68.5,70.3,68.9,16751329,1167601464.91,shares,0
2025-08-18,70.5,72.0,69.8,71.72,70.3,22297955,1587902399.17,shares,0
2025-08-19,71.6,72.28,70.42,71.08,71.72,16215381,1159557897.86,shares,0
2025-08-20,70.65,73.88,70.27,73.8,71.08,24606904,1771494844.09,shares,0
2025-08-21,74.0,76.78,72.82,73.13,73.8,32700097,2446685440.03,shares,0
2025-08-22,73.12,76.36,73.01,76.0,73.13,29782942,2239458027.54,shares,0
2025-08-25,76.96,79.39,74.58,75.51,76.0,34292963,2618287636.08,shares,0
2025-08-26,75.4,78.68,74.81,77.19,75.51,27370788,2095494830.84,shares,0
2025-08-27,77.19,80.01,75.8,75.91,77.19,36392439,2838724364.71,shares,0
2025-08-28,75.5,77.4,74.52,77.21,75.91,28602204,2177086566.36,shares,0
2025-08-29,76.78,76.8,74.92,75.18,77.21,19472018,1468023647.73,shares,0
2025-09-01,77.78,81.9,77.58,78.9,75.18,38702980,3082474826.87,shares,0
2025-09-02,78.0,81.78,75.0,77.41,78.9,38920123,3024267421.75,shares,0
2025-09-03,77.0,78.61,75.0,75.05,77.41,24920274,1897919637.39,shares,0
2025-09-04,74.99,75.0,69.81,71.32,75.05,24268744,1766147212.69,shares,0
2025-09-05,71.61,74.12,70.5,73.9,71.32,17477831,1269142696.8,shares,0
2025-09-08,73.64,74.26,72.72,73.84,73.9,13203066,971570037.61,shares,0
2025-09-09,73.18,73.45,71.5,71.62,73.84,11458088,828216434.59,shares,0
2025-09-10,71.61,72.69,71.35,71.6,71.62,9471255,681694129.46,shares,0
2025-09-11,71.6,74.5,70.72,74.45,71.6,18832824,1379239985.21,shares,0
2025-09-12,74.46,87.98,74.0,84.95,74.45,68682897,5634765207.76,shares,0
2025-09-15,88.5,89.5,82.3,83.6,84.95,52338149,4398713613.2,shares,0
2025-09-16,83.0,84.65,81.86,82.85,83.6,31475873,2612855054.12,shares,0
2025-09-17,83.0,84.2,81.38,82.23,82.85,26551546,2195187497.41,shares,0
2025-09-18,82.24,84.59,79.5,80.65,82.23,39282875,3242195555.72,shares,0
2025-09-19,81.01,84.68,81.01,81.7,80.65,36572164,3039802491.64,shares,0
2025-09-22,82.5,84.33,81.6,83.13,81.7,31676323,2637613602.65,shares,0
2025-09-23,83.2,85.86,81.0,84.1,83.13,34843001,2909358027.29,shares,0
2025-09-24,83.37,88.98,83.1,86.89,84.1,51014802,4404623748.64,shares,0
2025-09-25,85.42,85.79,84.01,85.09,86.89,30911253,2625287114.28,shares,0
2025-09-26,84.1,86.2,81.68,81.81,85.09,26127403,2189411580.69,shares,0
2025-09-29,83.8,84.2,81.95,83.0,81.81,18736367,1557647746.89,shares,0
2025-09-30,84.39,93.0,84.39,89.01,83.0,60790763,5382935314.01,shares,0
2025-10-09,93.0,101.25,90.5,96.16,89.01,70629315,6766958261.59,shares,0
2025-10-10,94.86,95.8,89.21,89.75,96.16,44904598,4104513954.74,shares,0
2025-10-13,84.95,91.39,84.77,89.23,89.75,35656487,3166582269.94,shares,0
2025-10-14,91.38,93.98,87.16,87.91,89.23,41324595,3749633129.83,shares,0
2025-10-15,87.2,90.0,86.2,89.3,87.91,31221065,2752993787.27,shares,0
2025-10-16,88.08,93.66,87.55,90.04,89.3,41772534,3808012594.55,shares,0
2025-10-17,90.04,91.15,84.0,84.3,90.04,33156431,2880494570.07,shares,0
2025-10-20,86.28,87.55,83.38,84.16,84.3,25013569,2136414713.17,shares,0
2025-10-21,84.8,88.0,84.5,86.37,84.16,28048665,2432109516.16,shares,0
2025-10-22,85.0,85.0,82.4,83.8,86.37,22794881,1903079753.28,shares,0
2025-10-23,83.0,83.57,80.51,83.37,83.8,21770267,1779354604.95,shares,0
2025-10-24,85.11,90.0,84.69,89.99,83.37,41744424,3696835720.08,shares,0
2025-10-27,92.5,94.74,89.05,93.92,89.99,50231632,4613889700.99,shares,0
2025-10-28,88.63,92.43,88.19,91.35,93.92,43358679,3930491872.87,shares,0
2025-10-29,90.29,97.05,90.29,92.99,91.35,41143744,3851797317.02,shares,0
2025-10-30,95.0,96.0,91.7,91.92,92.99,34923180,3265873750.11,shares,0
2025-10-31,92.92,93.23,86.52,86.81,91.92,33147845,2924898571.35,shares,0
2025-11-03,86.5,91.2,83.13,89.7,86.81,35954767,3138602807.02,shares,0
2025-11-04,89.71,91.28,87.55,89.72,89.7,28273747,2535449542.92,shares,0
2025-11-05,86.7,89.5,86.3,88.32,89.72,21214857,1870670723.94,shares,0
2025-11-06,90.1,90.5,87.0,87.79,88.32,24773221,2190806582.25,shares,0
2025-11-07,86.0,87.95,84.45,86.7,87.79,21733105,1872665586.86,shares,0
2025-11-10,88.61,102.0,88.6,95.56,86.7,64511469,6159646552.66,shares,0
2025-11-11,95.56,97.46,93.11,93.75,95.56,37718760,3594934157.44,shares,0
2025-11-12,93.3,96.26,91.08,92.21,93.75,30804840,2872030630.04,shares,0
2025-11-13,92.45,98.3,92.39,96.13,92.21,44419601,4272052423.34,shares,0
2025-11-14,92.0,94.25,88.01,92.16,96.13,51668565,4690451500.32,shares,0
2025-11-17,92.18,97.5,92.18,93.95,92.16,36532710,3465917328.68,shares,0
2025-11-18,93.12,93.94,90.08,90.47,93.95,23505105,2151739521.22,shares,0
2025-11-19,90.01,90.95,86.5,87.26,90.47,22932934,2029469892.88,shares,0
2025-11-20,88.99,89.28,84.13,85.25,87.26,22784591,1949868350.13,shares,0
2025-11-21,81.29,82.75,77.57,77.58,85.25,28431851,2263848521.25,shares,0
2025-11-24,77.89,78.39,76.5,77.4,77.58,15102945,1170457863.79,shares,0
2025-11-25,79.25,80.81,78.72,79.07,77.4,18099432,1440483231.03,shares,0
2025-11-26,78.26,79.99,77.9,78.78,79.07,13464373,1064736048.05,shares,0
2025-11-27,78.78,80.86,78.0,78.01,78.78,15253749,1212178985.29,shares,0
2025-11-28,77.71,79.5,77.35,79.4,78.01,13776355,1082271851.52,shares,0
2025-12-01,80.64,95.28,80.64,95.28,79.4,70922690,6297508431.64,shares,0
2025-12-02,96.14,96.14,91.38,91.63,95.28,48339929,4506855986.53,shares,0
2025-12-03,94.3,95.31,92.26,92.98,91.63,32397596,3023643610.79,shares,0
2025-12-04,90.51,92.97,90.35,92.38,92.98,21827909,2001411566.86,shares,0
2025-12-05,92.94,93.5,90.0,91.43,92.38,18674517,1708475401.9,shares,0
2025-12-08,91.43,94.39,91.0,93.85,91.43,32492772,3016764109.82,shares,0
2025-12-09,92.1,100.88,92.08,97.06,93.85,45414216,4436275760.3,shares,0
2025-12-10,97.3,99.84,95.51,97.95,97.06,28220933,2743691130.2,shares,0
2025-12-11,98.3,99.0,93.6,93.62,97.95,25555807,2429722522.42,shares,0
2025-12-12,93.76,101.03,91.99,98.25,93.62,35066518,3401862109.86,shares,0
2025-12-15,97.55,98.0,93.0,93.24,98.25,22744972,2141276166.61,shares,0
2025-12-16,92.69,96.59,90.82,91.05,93.24,19096811,1773644812.12,shares,0
2025-12-17,91.04,93.7,89.33,93.37,91.05,19281431,1770048549.45,shares,0
2025-12-18,93.47,96.78,93.22,93.82,93.37,22812168,2165028611.82,shares,0
2025-12-19,95.0,95.85,90.1,90.16,93.82,25830497,2368688413.07,shares,0
2025-12-22,91.06,95.6,91.06,94.1,90.16,27731951,2619871335.99,shares,0
2025-12-23,93.55,101.37,93.55,99.2,94.1,41199939,4053398318.1,shares,0
2025-12-24,102.0,112.22,102.0,107.19,99.2,54886784,5855064678.59,shares,0
2025-12-25,112.0,116.0,108.6,114.06,107.19,51364515,5782082023.42,shares,0
2025-12-26,116.0,117.99,110.2,111.38,114.06,41511323,4703480821.83,shares,0
2025-12-29,110.87,116.23,109.88,110.98,111.38,28374400,3179090717.14,shares,0
2025-12-30,112.04,113.6,107.56,112.39,110.98,34912558,3867365382.18,shares,0
2025-12-31,114.63,114.8,105.71,106.04,112.39,29871553,3210527274.58,shares,0
2026-01-05,109.09,115.97,109.04,115.69,106.04,40246133,4549557102.97,shares,0
2026-01-06,114.17,127.99,113.08,125.16,115.69,57324533,6903181503.45,shares,0
2026-01-07,131.0,133.0,122.3,124.01,125.16,55176068,7020384093.06,shares,0
2026-01-08,124.32,126.8,120.6,121.02,124.01,33517543,4113752607.27,shares,0
2026-01-09,121.0,121.02,116.67,117.75,121.02,34832878,4113603062.3,shares,0
2026-01-12,120.2,121.46,116.3,118.97,117.75,38099406,4530381039.18,shares,0
2026-01-13,118.97,120.45,113.68,115.96,118.97,32923985,3826647009.82,shares,0
2026-01-14,117.38,121.19,113.86,115.13,115.96,39568827,4661565963.78,shares,0
2026-01-15,113.0,119.0,112.9,117.42,115.13,28381607,3308978040.08,shares,0
2026-01-16,120.0,126.31,117.51,123.8,117.42,43455196,5320086554.38,shares,0
2026-01-19,125.07,130.0,122.5,125.58,123.8,36373268,4599909706.72,shares,0
2026-01-20,123.8,135.3,123.35,128.0,125.58,38838101,5033189155.35,shares,0
2026-01-21,128.0,135.5,126.58,130.92,128.0,40259075,5292035937.14,shares,0
2026-01-22,135.6,139.97,130.0,132.81,130.92,37155594,4978767935.53,shares,0
2026-01-23,130.0,135.88,126.73,128.55,132.81,29679941,3852576404.92,shares,0
2026-01-26,129.24,134.88,127.4,130.61,128.55,27803070,3637983096.84,shares,0
2026-01-27,128.69,142.18,127.0,139.35,130.61,41558485,5638283610.36,shares,0
2026-01-28,140.0,151.98,139.2,147.5,139.35,42802277,6293984148.8,shares,0
2026-01-29,148.68,150.0,136.7,137.27,147.5,44162606,6234481660.1,shares,0
2026-01-30,138.1,148.08,138.1,143.8,137.27,39169546,5619529193.15,shares,0
2026-02-02,138.05,139.0,127.2,127.89,143.8,35896815,4748830075.59,shares,0
2026-02-03,134.18,136.43,131.14,133.73,127.89,27596486,3688530108.96,shares,0
2026-02-04,131.33,132.52,126.01,132.15,133.73,25957154,3344808570.43,shares,0
2026-02-05,127.45,129.74,125.0,128.33,132.15,18023149,2295283066.07,shares,0
2026-02-06,126.6,126.98,123.41,123.63,128.33,16443497,2054403809.33,shares,0
2026-02-09,126.98,127.24,123.42,125.48,123.63,18391022,2308175282.87,shares,0
2026-02-10,125.05,126.9,121.68,122.19,125.48,17825259,2191452035.66,shares,0
2026-02-11,120.5,122.22,119.15,120.7,122.19,13293524,1603324813.98,shares,0
2026-02-12,122.16,125.54,120.8,123.44,120.7,23479099,2888585302.46,shares,0
2026-02-13,122.46,125.5,121.81,121.83,123.44,17836810,2205550276.86,shares,0
2026-02-24,124.3,139.88,124.1,136.68,121.83,43587875,5786518947.17,shares,0
2026-02-25,134.89,141.5,132.5,140.46,136.68,31497256,4348000697.76,shares,0
2026-02-26,142.0,144.5,136.66,138.61,140.46,23303588,3243427824.11,shares,0
2026-02-27,135.6,135.6,129.6,133.2,138.61,21323789,2821299610.89,shares,0
2026-03-02,130.0,134.17,128.58,128.8,133.2,19605255,2558429017.32,shares,0
2026-03-03,129.5,129.79,118.04,118.38,128.8,28198528,3427677701.77,shares,0
2026-03-04,120.04,125.38,119.26,120.0,118.38,26966824,3301044849.8,shares,0
2026-03-05,124.07,127.0,121.87,123.0,120.0,28640161,3571476654.7,shares,0
2026-03-06,121.63,125.9,121.26,124.53,123.0,20748087,2574036059.62,shares,0
2026-03-09,117.41,120.48,115.02,119.28,124.53,26022505,3043849933.55,shares,0
2026-03-10,122.5,125.5,120.69,124.5,119.28,29013945,3578143096.88,shares,0
2026-03-11,124.0,125.15,120.6,121.0,124.5,22443199,2750266567.8,shares,0
2026-03-12,120.4,121.79,118.08,119.8,121.0,19763380,2367402016.94,shares,0
2026-03-13,118.0,123.39,117.22,119.15,119.8,16786038,2019824063.3,shares,0
2026-03-16,122.51,129.95,121.8,129.9,119.15,47479446,5969873107.54,shares,0
2026-03-17,128.95,131.56,123.83,124.36,129.9,30215580,3849137808.72,shares,0
2026-03-18,128.1,133.68,127.12,130.63,124.36,36601484,4788713252.5,shares,0
2026-03-19,127.98,128.8,120.38,121.92,130.63,41216682,5080487691.94,shares,0
2026-03-20,122.12,126.5,118.22,119.8,121.92,29514910,3608432629.87,shares,0
2026-03-23,117.65,117.88,110.5,111.0,119.8,27142126,3090490194.71,shares,0
2026-03-24,112.9,113.0,105.15,111.52,111.0,22717861,2459894667.02,shares,0
2026-03-25,112.68,116.85,111.63,114.42,111.52,22148327,2537475815.55,shares,0
2026-03-26,111.36,112.3,108.73,109.76,114.42,20894639,2303306613.92,shares,0
2026-03-27,107.47,114.1,105.94,111.13,109.76,22209502,2441838581.9,shares,0
2026-03-30,109.24,110.96,107.77,110.45,111.13,14106825,1544105560.79,shares,0
2026-03-31,108.88,110.0,103.76,104.3,110.45,20993952,2220896040.88,shares,0
2026-04-01,109.17,109.75,106.97,108.19,104.3,18250181,1978586655.35,shares,0
2026-04-02,109.01,111.0,105.56,106.12,108.19,15370539,1661263723.22,shares,0
2026-04-03,108.0,108.76,104.38,104.7,106.12,11751125,1241603431.2,shares,0
2026-04-07,106.68,107.3,104.22,104.56,104.7,10711153,1132521377.02,shares,0
2026-04-08,108.0,112.85,107.19,112.72,104.56,25301419,2771858412.31,shares,0
2026-04-09,109.0,111.28,108.49,109.49,112.72,18957926,2078419021.55,shares,0
2026-04-10,111.0,113.2,110.92,111.56,109.49,21406387,2398932859.55,shares,0
2026-04-13,109.56,114.55,109.5,112.19,111.56,17644250,1983994065.59,shares,0
2026-04-14,114.0,118.63,113.4,116.34,112.19,28284934,3291686497.43,shares,0
2026-04-15,117.27,118.0,111.6,112.44,116.34,21751270,2491518214.71,shares,0
2026-04-16,111.66,117.22,111.12,116.1,112.44,22441295,2588766992.3,shares,0
2026-04-17,115.0,117.45,114.5,116.79,116.1,18906895,2199380891.15,shares,0
2026-04-20,118.0,124.9,117.98,121.04,116.79,35625702,4335267763.98,shares,0
2026-04-21,120.14,121.81,117.17,120.26,121.04,18858038,2257368667.73,shares,0
2026-04-22,119.0,124.95,118.83,123.89,120.26,23244201,2855132039.38,shares,0
2026-04-23,127.0,127.88,118.5,119.34,123.89,25852041,3149865936.18,shares,0
2026-04-24,120.5,121.98,117.08,119.8,119.34,21748427,2598814475.58,shares,0
2026-04-27,120.93,123.45,120.6,122.48,119.8,21344899,2609513213.94,shares,0
2026-04-28,122.76,129.0,121.61,124.02,122.48,29792987,3716362368.59,shares,0
2026-04-29,125.0,126.89,120.86,125.32,124.02,37599580,4692752412.2,shares,0
2026-04-30,126.0,126.75,123.3,124.18,125.32,31033266,3874941982.78,shares,0
2026-05-06,129.3,140.98,129.28,136.69,124.18,53098621,7265303325.23,shares,0
2026-05-07,136.75,139.31,135.5,137.35,136.69,33111148,4546666941.5,shares,0
2026-05-08,134.0,135.08,132.52,133.88,137.35,26987623,3610911987.48,shares,0
2026-05-11,140.57,148.99,137.86,146.08,133.88,48449742,6979224765.87,shares,0
2026-05-12,146.81,149.8,141.95,146.83,146.08,35517414,5171003041.69,shares,0
2026-05-13,142.68,149.49,138.92,148.65,146.83,39232947,5670965604.48,shares,0
2026-05-14,147.23,148.0,141.88,141.88,148.65,29524741,4286348830.93,shares,0
2026-05-15,142.0,144.0,134.4,136.4,141.88,34793071,4796356257.45,shares,0
2026-05-18,136.5,142.5,136.26,137.81,136.4,26406533,3677431501.49,shares,0
2026-05-19,134.68,138.41,131.06,137.68,137.81,24568806,3310848849.4,shares,0
2026-05-20,137.53,143.13,136.55,141.9,137.53,26960844,3788277799.95,shares,0
2026-05-21,144.38,144.93,130.6,130.72,141.9,35265126,4884371021.01,shares,0
2026-05-22,133.0,139.34,132.07,138.4,130.72,32446343,4392581925.06,shares,0
2026-05-25,139.65,142.0,136.08,141.92,138.4,29716777,4158011102.97,shares,0
2026-05-26,139.37,152.0,133.5,149.6,141.92,59542831,8527105494.11,shares,0
2026-05-27,172.25,175.98,158.5,160.01,149.6,84197220,14016018419.59,shares,0
2026-05-28,163.2,167.94,155.9,161.59,160.01,53609475,8656326321.78,shares,0
2026-05-29,164.1,170.88,155.55,157.46,161.59,54540108,8913355825.44,shares,0
2026-06-01,159.02,162.77,143.63,144.11,157.46,43460748,6518174178.99,shares,0
2026-06-02,143.03,145.2,137.48,142.27,144.11,35918700,5106082356.33,shares,0
2026-06-03,141.6,150.91,141.6,144.36,142.27,39870724,5873026004.83,shares,0
2026-06-04,141.5,152.5,141.5,150.41,144.36,39020251,5814531414.9,shares,0
2026-06-05,145.0,146.84,138.6,139.36,150.41,36304539,5192949484.05,shares,0
2026-06-08,132.38,154.2,132.38,149.26,139.36,54530958,8057068279.31,shares,0
2026-06-09,152.01,161.0,146.5,159.89,149.26,57532473,8854633550.78,shares,0
2026-06-10,159.64,159.7,148.0,148.95,159.89,35409643,5405330093.02,shares,0
2026-06-11,149.5,152.18,142.5,145.49,148.95,33556796,4893945014.9,shares,0
2026-06-12,152.25,155.14,144.89,145.6,145.49,37348899,5611058625.48,shares,0
2026-06-15,149.62,164.76,145.35,164.3,145.6,51580022,8089910843.36,shares,0
2026-06-16,163.0,167.5,161.02,162.02,164.3,33040557,5406678577.11,shares,0
2026-06-17,162.23,172.53,161.36,171.7,162.02,46090191,7760233037.33,shares,0
2026-06-18,172.66,190.6,172.66,186.05,171.7,58388395,10656239820.44,shares,0
2026-06-22,190.0,193.19,179.79,192.75,186.05,54506088,10182897904.34,shares,0
2026-06-23,191.69,203.48,186.01,194.0,192.75,48814903,9549010359.43,shares,0
2026-06-24,192.76,199.0,186.78,197.8,194.0,44141607,8542827153.93,shares,0
2026-06-25,207.0,237.36,206.0,237.36,197.8,56436716,12658486393.85,shares,0
2026-06-26,240.0,242.0,229.0,233.21,237.36,58314043,13740859329.21,shares,0
2026-06-29,232.0,249.67,220.0,242.05,233.21,62468592,14750338460.13,shares,0
2026-06-30,230.0,255.49,225.01,248.9,242.05,56020303,13602375896.48,shares,0
2026-07-01,248.0,279.44,245.68,259.05,248.9,58584971,15445071270.61,shares,0
2026-07-02,240.0,253.0,233.0,234.67,259.05,47525760,11500532402.97,shares,0
2026-07-03,238.99,268.88,237.78,259.56,234.67,56658314,14426910672.95,shares,0
2026-07-06,264.61,266.0,238.0,253.0,259.56,53636322,13477401164.24,shares,0
2026-07-07,240.0,247.7,226.0,231.2,253.0,46578153,10970697107.28,shares,0
2026-07-08,231.18,239.0,215.0,215.38,231.2,41316880,9187309365.16,shares,0
2026-07-09,221.0,237.0,220.68,236.02,215.38,42554040,9769342545.51,shares,0
2026-07-10,237.29,244.92,219.8,219.9,236.02,36908110,8615027377.77,shares,0
2026-07-13,216.99,219.0,188.04,190.17,219.9,46321394,9334743730.6,shares,0
2026-07-14,197.95,209.22,191.03,207.69,190.17,40872701,8210960169.61,shares,0
2026-07-15,213.0,217.79,189.0,190.18,207.69,37703346,7575829635.54,shares,0
2026-07-16,183.6,187.46,171.35,174.6,190.18,36348840,6513995933.51,shares,0
2026-07-17,175.78,176.56,152.0,153.82,174.6,41408039,6698032357.53,shares,0
2026-07-20,162.0,163.9,137.84,143.65,153.82,43978615,6615259605.45,shares,0
2026-07-21,150.11,168.88,136.2,168.0,143.65,61057810,9416250246.71,shares,0
2026-07-22,164.98,173.33,156.8,157.82,168.0,53418240,8859908278.43,shares,0
2026-07-23,161.03,163.77,150.0,151.76,157.82,35749671,5551720689.34,shares,0
2026-07-24,147.9,151.91,143.12,143.65,151.76,36405812,5344637283.43,shares,0
2026-07-27,143.5,146.0,135.3,145.66,143.65,38022524,5387079501.38,shares,0
2026-07-28,136.5,139.7,125.69,127.1,145.66,44831823,5943596459.36,shares,0
2026-07-29,127.81,128.8,116.93,124.56,127.1,47870306,5852365524.56,shares,0
2026-07-30,124.56,128.93,117.89,123.66,124.56,55904291,6949241304.55,shares,0
2026-07-31,139.3,140.53,126.68,126.81,123.66,75208838,10119656096.73,shares,0
2026-08-03,124.18,124.96,118.38,119.0,126.81,41277569,4979361463.73,shares,0
2026-08-04,119.21,127.36,116.94,126.26,119.0,42329865,5240086351.22,shares,0
2026-08-05,128.0,138.66,126.38,136.03,126.26,50727469,6789167176.7,shares,0
2026-08-06,130.0,139.97,129.0,137.0,136.03,41966789,5648260431.72,shares,0
2026-08-07,136.98,146.21,136.01,144.05,137.0,49196597,6987978905.48,shares,0
2026-08-10,144.2,144.92,135.05,138.48,144.05,39692469,5490215902.15,shares,0
2026-08-11,136.19,141.66,136.19,137.86,138.48,30955563,4303817777.73,shares,0
2026-08-12,139.25,143.0,137.25,140.57,137.86,29407906,4130284801.81,shares,0
2026-08-13,144.58,149.49,137.15,137.48,140.57,38547181,5550640385.55,shares,0
2026-08-14,141.51,144.95,140.21,143.62,137.48,34731084,4960270280.14,shares,0
2026-08-17,146.01,155.88,144.75,155.39,143.62,46353128,7039975799.82,shares,0
2026-08-18,159.17,161.55,151.02,152.75,155.39,43163530,6694038974.13,shares,0
2026-08-19,145.0,146.28,135.7,137.25,152.75,43808608,6160938435.79,shares,0
2026-08-20,140.0,141.44,136.69,138.3,137.25,26116314,3628053618.73,shares,0
2026-08-21,138.09,140.46,136.71,138.48,138.3,24581699,3403767439.76,shares,0
2026-08-24,137.22,137.99,130.16,133.66,138.48,27697756,3691934247.11,shares,0
2026-08-25,131.58,134.98,128.51,134.1,133.66,21069702,2780927511.25,shares,0
2026-08-26,134.23,134.78,130.15,132.07,134.1,17388797,2300413158.18,shares,0
2026-08-27,133.06,140.68,132.7,140.48,132.07,27513451,3787912111.75,shares,0
2026-08-28,139.0,140.2,135.5,135.7,140.48,21470313,2956874436.28,shares,0
2026-08-31,132.12,140.3,132.0,139.95,135.7,25996530,3572266684.32,shares,0
2026-09-01,139.95,140.22,134.27,134.79,139.95,21889136,2977951115.86,shares,0
2026-09-02,132.9,134.29,131.0,132.37,134.79,18336510,2425532911.12,shares,0
2026-09-03,134.02,134.4,130.07,131.99,132.37,16131543,2126436733.01,shares,0
2026-09-04,132.9,133.99,126.0,127.16,131.99,20628374,2674014501.29,shares,0
2026-09-07,130.96,133.99,130.3,133.8,127.16,23661656,3135233789.88,shares,0
2026-09-08,135.0,138.2,132.25,133.79,133.8,22563993,3050010905.27,shares,0
2026-09-09,135.72,136.99,131.08,131.98,133.79,14445034,1927931160.51,shares,0
2026-09-10,130.62,134.76,130.21,132.45,131.98,14263149,1893203266.37,shares,0
2026-09-11,129.0,129.88,125.21,128.78,132.45,19522046,2491732005.92,shares,0
2026-09-14,126.0,127.99,124.6,126.32,128.78,14641458,1850138415.22,shares,0
2026-09-15,126.77,129.99,125.2,127.58,126.32,14450497,1850184676.52,shares,0
2026-09-16,128.37,134.28,126.6,134.06,127.58,19175330,2517574468.49,shares,0
2026-09-17,133.04,136.3,133.0,135.06,134.06,19322976,2608207034.7,shares,0
2026-09-18,138.5,146.5,136.1,142.97,135.06,36073689,5109552060.08,shares,0
2026-09-21,146.0,149.32,144.68,146.1,142.97,28527850,4188230254.63,shares,0
2026-09-22,149.91,151.0,145.0,146.1,146.1,30964336,4595458869.35,shares,0
2026-09-23,148.79,149.96,146.25,146.97,146.1,16512904,2439737633.67,shares,0
2026-09-24,145.06,145.8,140.01,140.31,146.97,18216792,2587328400.81,shares,0
2026-09-28,139.1,139.75,130.75,132.26,140.31,17551363,2352318048.34,shares,0
2026-09-29,132.57,135.7,130.11,134.6,132.26,17324473,2299756132.87,shares,0
2026-09-30,136.07,136.47,129.0,129.15,134.6,16534965,2164039389.35,shares,0
2026-10-08,129.5,129.8,118.18,119.74,129.15,22525679,2775506953.64,shares,0
